1,34,34,1.
2,0,0,1.4142135623730951
2,34,34,-0.7071067811865475
3,0,3,1.
3,3,0,1.
4,3,3,1.4142135623730951
4,34,34,-0.7071067811865475
5,0,12,1.
5,12,0,1.
6,3,12,1.
6,12,3,1.
7,12,12,1.4142135623730951
7,34,34,-0.7071067811865475
8,0,0,-2.449489742783178
8,0,1,0.4082482904638631
8,1,0,0.4082482904638631
8,34,34,0.6123724356957945
9,0,3,-1.224744871391589
9,1,3,0.816496580927726
9,3,0,-1.224744871391589
9,3,1,0.816496580927726
10,0,0,-1.
10,3,3,-1.
10,3,4,1.
10,4,3,1.
10,34,34,0.5
11,0,3,-1.224744871391589
11,3,0,-1.224744871391589
11,3,6,0.816496580927726
11,6,3,0.816496580927726
12,3,3,-2.449489742783178
12,3,8,0.4082482904638631
12,8,3,0.4082482904638631
12,34,34,0.6123724356957945
13,0,12,-1.224744871391589
13,1,12,0.816496580927726
13,12,0,-1.224744871391589
13,12,1,0.816496580927726
14,3,12,-0.7071067811865475
14,4,12,1.4142135623730951
14,12,3,-0.7071067811865475
14,12,4,1.4142135623730951
15,0,12,-0.7071067811865475
15,6,12,1.4142135623730951
15,12,0,-0.7071067811865475
15,12,6,1.4142135623730951
16,3,12,-1.224744871391589
16,8,12,0.816496580927726
16,12,3,-1.224744871391589
16,12,8,0.816496580927726
17,0,0,-1.
17,12,12,-1.
17,12,13,1.
17,13,12,1.
17,34,34,0.5
18,0,3,-0.7071067811865475
18,3,0,-0.7071067811865475
18,12,15,1.4142135623730951
18,15,12,1.4142135623730951
19,3,3,-1.
19,12,12,-1.
19,12,17,1.
19,17,12,1.
19,34,34,0.5
20,0,12,-1.224744871391589
20,12,0,-1.224744871391589
20,12,21,0.816496580927726
20,21,12,0.816496580927726
21,3,12,-1.224744871391589
21,12,3,-1.224744871391589
21,12,23,0.816496580927726
21,23,12,0.816496580927726
22,12,12,-2.449489742783178
22,12,27,0.4082482904638631
22,27,12,0.4082482904638631
22,34,34,0.6123724356957945
23,0,0,3.3541019662496847
23,0,1,-1.118033988749895
23,1,0,-1.118033988749895
23,1,1,0.2981423969999719
23,34,34,-0.5590169943749475
24,0,3,1.3693063937629153
24,1,3,-1.8257418583505538
24,2,3,0.3651483716701107
24,3,0,1.3693063937629153
24,3,1,-1.8257418583505538
24,3,2,0.3651483716701107
25,0,0,1.7320508075688772
25,0,1,-0.2886751345948129
25,1,0,-0.2886751345948129
25,3,3,0.8660254037844386
25,3,4,-1.7320508075688772
25,4,3,-1.7320508075688772
25,4,4,1.1547005383792517
25,34,34,-0.4330127018922193
26,0,3,1.5
26,1,3,-1.
26,3,0,1.5
26,3,1,-1.
26,3,6,-1.
26,4,6,0.6666666666666666
26,6,3,-1.
26,6,4,0.6666666666666666
27,0,0,0.8660254037844386
27,3,3,1.7320508075688772
27,3,4,-1.7320508075688772
27,3,8,-0.2886751345948129
27,4,3,-1.7320508075688772
27,6,6,1.1547005383792517
27,8,3,-0.2886751345948129
27,34,34,-0.4330127018922193
28,0,3,1.3693063937629153
28,3,0,1.3693063937629153
28,3,6,-1.8257418583505538
28,6,3,-1.8257418583505538
28,6,8,0.3651483716701107
28,8,6,0.3651483716701107
29,3,3,3.3541019662496847
29,3,8,-1.118033988749895
29,8,3,-1.118033988749895
29,8,8,0.2981423969999719
29,34,34,-0.5590169943749475
30,0,12,1.3693063937629153
30,1,12,-1.8257418583505538
30,2,12,0.3651483716701107
30,12,0,1.3693063937629153
30,12,1,-1.8257418583505538
30,12,2,0.3651483716701107
31,3,12,0.6123724356957945
31,4,12,-2.449489742783178
31,5,12,0.816496580927726
31,12,3,0.6123724356957945
31,12,4,-2.449489742783178
31,12,5,0.816496580927726
32,0,12,0.8660254037844386
32,1,12,-0.5773502691896258
32,6,12,-1.7320508075688772
32,7,12,1.1547005383792517
32,12,0,0.8660254037844386
32,12,1,-0.5773502691896258
32,12,6,-1.7320508075688772
32,12,7,1.1547005383792517
33,3,12,0.8660254037844386
33,4,12,-1.7320508075688772
33,8,12,-0.5773502691896258
33,9,12,1.1547005383792517
33,12,3,0.8660254037844386
33,12,4,-1.7320508075688772
33,12,8,-0.5773502691896258
33,12,9,1.1547005383792517
34,0,12,0.6123724356957945
34,6,12,-2.449489742783178
34,10,12,0.816496580927726
34,12,0,0.6123724356957945
34,12,6,-2.449489742783178
34,12,10,0.816496580927726
35,3,12,1.3693063937629153
35,8,12,-1.8257418583505538
35,11,12,0.3651483716701107
35,12,3,1.3693063937629153
35,12,8,-1.8257418583505538
35,12,11,0.3651483716701107
36,0,0,1.7320508075688772
36,0,1,-0.2886751345948129
36,1,0,-0.2886751345948129
36,12,12,0.8660254037844386
36,12,13,-1.7320508075688772
36,13,12,-1.7320508075688772
36,13,13,1.1547005383792517
36,34,34,-0.4330127018922193
37,0,3,0.8660254037844386
37,1,3,-0.5773502691896258
37,3,0,0.8660254037844386
37,3,1,-0.5773502691896258
37,12,15,-1.7320508075688772
37,13,15,1.1547005383792517
37,15,12,-1.7320508075688772
37,15,13,1.1547005383792517
38,0,0,0.7071067811865475
38,3,3,0.7071067811865475
38,3,4,-0.7071067811865475
38,4,3,-0.7071067811865475
38,12,12,0.7071067811865475
38,12,13,-0.7071067811865475
38,12,17,-0.7071067811865475
38,13,12,-0.7071067811865475
38,15,15,2.8284271247461903
38,17,12,-0.7071067811865475
38,34,34,-0.35355339059327373
39,0,3,0.8660254037844386
39,3,0,0.8660254037844386
39,3,6,-0.5773502691896258
39,6,3,-0.5773502691896258
39,12,15,-1.7320508075688772
39,15,12,-1.7320508075688772
39,15,17,1.1547005383792517
39,17,15,1.1547005383792517
40,3,3,1.7320508075688772
40,3,8,-0.2886751345948129
40,8,3,-0.2886751345948129
40,12,12,0.8660254037844386
40,12,17,-1.7320508075688772
40,17,12,-1.7320508075688772
40,17,17,1.1547005383792517
40,34,34,-0.4330127018922193
41,0,12,1.5
41,1,12,-1.
41,12,0,1.5
41,12,1,-1.
41,12,21,-1.
41,13,21,0.6666666666666666
41,21,12,-1.
41,21,13,0.6666666666666666
42,3,12,0.8660254037844386
42,4,12,-1.7320508075688772
42,12,3,0.8660254037844386
42,12,4,-1.7320508075688772
42,12,23,-0.5773502691896258
42,15,21,1.1547005383792517
42,21,15,1.1547005383792517
42,23,12,-0.5773502691896258
43,0,12,0.8660254037844386
43,6,12,-1.7320508075688772
43,12,0,0.8660254037844386
43,12,6,-1.7320508075688772
43,12,21,-0.5773502691896258
43,17,21,1.1547005383792517
43,21,12,-0.5773502691896258
43,21,17,1.1547005383792517
44,3,12,1.5
44,8,12,-1.
44,12,3,1.5
44,12,8,-1.
44,12,23,-1.
44,17,23,0.6666666666666666
44,23,12,-1.
44,23,17,0.6666666666666666
45,0,0,0.8660254037844386
45,12,12,1.7320508075688772
45,12,13,-1.7320508075688772
45,12,27,-0.2886751345948129
45,13,12,-1.7320508075688772
45,21,21,1.1547005383792517
45,27,12,-0.2886751345948129
45,34,34,-0.4330127018922193
46,0,3,0.6123724356957945
46,3,0,0.6123724356957945
46,12,15,-2.449489742783178
46,15,12,-2.449489742783178
46,21,23,0.816496580927726
46,23,21,0.816496580927726
47,3,3,0.8660254037844386
47,12,12,1.7320508075688772
47,12,17,-1.7320508075688772
47,12,27,-0.2886751345948129
47,17,12,-1.7320508075688772
47,23,23,1.1547005383792517
47,27,12,-0.2886751345948129
47,34,34,-0.4330127018922193
48,0,12,1.3693063937629153
48,12,0,1.3693063937629153
48,12,21,-1.8257418583505538
48,21,12,-1.8257418583505538
48,21,27,0.3651483716701107
48,27,21,0.3651483716701107
49,3,12,1.3693063937629153
49,12,3,1.3693063937629153
49,12,23,-1.8257418583505538
49,23,12,-1.8257418583505538
49,23,27,0.3651483716701107
49,27,23,0.3651483716701107
50,12,12,3.3541019662496847
50,12,27,-1.118033988749895
50,27,12,-1.118033988749895
50,27,27,0.2981423969999719
50,34,34,-0.5590169943749475
51,0,0,-4.183300132670378
51,0,1,2.091650066335189
51,1,0,2.091650066335189
51,1,1,-1.115546702045434
51,1,2,0.03984095364447979
51,2,1,0.03984095364447979
51,34,34,0.5229125165837972
52,0,3,-1.479019945774904
52,1,3,2.958039891549808
52,2,3,-1.1832159566199232
52,2,4,0.1126872339638022
52,3,0,-1.479019945774904
52,3,1,2.958039891549808
52,3,2,-1.1832159566199232
52,4,2,0.1126872339638022
53,0,0,-2.3717082451262845
53,0,1,0.7905694150420949
53,1,0,0.7905694150420949
53,1,1,-0.21081851067789195
53,3,3,-0.7905694150420949
53,3,4,2.3717082451262845
53,4,3,2.3717082451262845
53,4,4,-3.1622776601683795
53,4,5,0.21081851067789195
53,5,4,0.21081851067789195
53,34,34,0.39528470752104744
54,0,3,-1.6770509831248424
54,1,3,2.23606797749979
54,2,3,-0.4472135954999579
54,3,0,-1.6770509831248424
54,3,1,2.23606797749979
54,3,2,-0.4472135954999579
54,3,6,1.118033988749895
54,4,6,-1.4907119849998598
54,5,6,0.2981423969999719
54,6,3,1.118033988749895
54,6,4,-1.4907119849998598
54,6,5,0.2981423969999719
55,0,0,-1.5
55,0,1,0.25
55,1,0,0.25
55,3,3,-1.5
55,3,4,3.
55,3,8,0.25
55,4,3,3.
55,4,4,-2.
55,6,6,-2.
55,6,7,0.3333333333333333
55,7,6,0.3333333333333333
55,8,3,0.25
55,34,34,0.375
56,0,3,-1.6770509831248424
56,1,3,1.118033988749895
56,3,0,-1.6770509831248424
56,3,1,1.118033988749895
56,3,6,2.23606797749979
56,4,6,-1.4907119849998598
56,6,3,2.23606797749979
56,6,4,-1.4907119849998598
56,6,8,-0.4472135954999579
56,7,8,0.2981423969999719
56,8,6,-0.4472135954999579
56,8,7,0.2981423969999719
57,0,0,-0.7905694150420949
57,3,3,-2.3717082451262845
57,3,4,2.3717082451262845
57,3,8,0.7905694150420949
57,4,3,2.3717082451262845
57,6,6,-3.1622776601683795
57,8,3,0.7905694150420949
57,8,8,-0.21081851067789195
57,8,9,0.21081851067789195
57,9,8,0.21081851067789195
57,34,34,0.39528470752104744
58,0,3,-1.479019945774904
58,3,0,-1.479019945774904
58,3,6,2.958039891549808
58,6,3,2.958039891549808
58,6,8,-1.1832159566199232
58,8,6,-1.1832159566199232
58,8,10,0.1126872339638022
58,10,8,0.1126872339638022
59,3,3,-4.183300132670378
59,3,8,2.091650066335189
59,8,3,2.091650066335189
59,8,8,-1.115546702045434
59,8,11,0.03984095364447979
59,11,8,0.03984095364447979
59,34,34,0.5229125165837972
60,0,12,-1.479019945774904
60,1,12,2.958039891549808
60,2,12,-1.1832159566199232
60,2,13,0.1126872339638022
60,12,0,-1.479019945774904
60,12,1,2.958039891549808
60,12,2,-1.1832159566199232
60,13,2,0.1126872339638022
61,3,12,-0.5590169943749475
61,4,12,3.3541019662496847
61,5,12,-2.23606797749979
61,5,13,0.2981423969999719
61,12,3,-0.5590169943749475
61,12,4,3.3541019662496847
61,12,5,-2.23606797749979
61,13,5,0.2981423969999719
62,0,12,-0.9682458365518543
62,1,12,1.2909944487358056
62,2,12,-0.2581988897471611
62,6,12,1.9364916731037085
62,7,12,-2.581988897471611
62,7,13,0.5163977794943222
62,12,0,-0.9682458365518543
62,12,1,1.2909944487358056
62,12,2,-0.2581988897471611
62,12,6,1.9364916731037085
62,12,7,-2.581988897471611
62,13,7,0.5163977794943222
63,3,12,-0.75
63,4,12,3.
63,5,12,-1.
63,8,12,0.5
63,9,12,-2.
63,9,13,0.6666666666666666
63,12,3,-0.75
63,12,4,3.
63,12,5,-1.
63,12,8,0.5
63,12,9,-2.
63,13,9,0.6666666666666666
64,0,12,-0.75
64,1,12,0.5
64,6,12,3.
64,7,12,-2.
64,10,12,-1.
64,10,13,0.6666666666666666
64,12,0,-0.75
64,12,1,0.5
64,12,6,3.
64,12,7,-2.
64,12,10,-1.
64,13,10,0.6666666666666666
65,3,12,-0.9682458365518543
65,4,12,1.9364916731037085
65,8,12,1.2909944487358056
65,9,12,-2.581988897471611
65,11,12,-0.2581988897471611
65,11,13,0.5163977794943222
65,12,3,-0.9682458365518543
65,12,4,1.9364916731037085
65,12,8,1.2909944487358056
65,12,9,-2.581988897471611
65,12,11,-0.2581988897471611
65,13,11,0.5163977794943222
66,0,12,-0.5590169943749475
66,6,12,3.3541019662496847
66,10,12,-2.23606797749979
66,11,15,0.2981423969999719
66,12,0,-0.5590169943749475
66,12,6,3.3541019662496847
66,12,10,-2.23606797749979
66,15,11,0.2981423969999719
67,3,12,-1.479019945774904
67,8,12,2.958039891549808
67,11,12,-1.1832159566199232
67,11,17,0.1126872339638022
67,12,3,-1.479019945774904
67,12,8,2.958039891549808
67,12,11,-1.1832159566199232
67,17,11,0.1126872339638022
68,0,0,-2.3717082451262845
68,0,1,0.7905694150420949
68,1,0,0.7905694150420949
68,1,1,-0.21081851067789195
68,12,12,-0.7905694150420949
68,12,13,2.3717082451262845
68,13,12,2.3717082451262845
68,13,13,-3.1622776601683795
68,13,14,0.21081851067789195
68,14,13,0.21081851067789195
68,34,34,0.39528470752104744
69,0,3,-0.9682458365518543
69,1,3,1.2909944487358056
69,2,3,-0.2581988897471611
69,3,0,-0.9682458365518543
69,3,1,1.2909944487358056
69,3,2,-0.2581988897471611
69,12,15,1.9364916731037085
69,13,15,-2.581988897471611
69,14,15,0.5163977794943222
69,15,12,1.9364916731037085
69,15,13,-2.581988897471611
69,15,14,0.5163977794943222
70,0,0,-1.224744871391589
70,0,1,0.20412414523193154
70,1,0,0.20412414523193154
70,3,3,-0.6123724356957945
70,3,4,1.224744871391589
70,4,3,1.224744871391589
70,4,4,-0.816496580927726
70,12,12,-0.6123724356957945
70,12,13,1.224744871391589
70,12,17,0.6123724356957945
70,13,12,1.224744871391589
70,13,13,-0.816496580927726
70,15,15,-4.898979485566356
70,15,16,0.816496580927726
70,16,15,0.816496580927726
70,17,12,0.6123724356957945
70,34,34,0.30618621784789724
71,0,3,-1.0606601717798212
71,1,3,0.7071067811865475
71,3,0,-1.0606601717798212
71,3,1,0.7071067811865475
71,3,6,0.7071067811865475
71,4,6,-0.4714045207910317
71,6,3,0.7071067811865475
71,6,4,-0.4714045207910317
71,12,15,2.1213203435596424
71,13,15,-1.4142135623730951
71,15,12,2.1213203435596424
71,15,13,-1.4142135623730951
71,15,17,-1.4142135623730951
71,16,17,0.9428090415820634
71,17,15,-1.4142135623730951
71,17,16,0.9428090415820634
72,0,0,-0.6123724356957945
72,3,3,-1.224744871391589
72,3,4,1.224744871391589
72,3,8,0.20412414523193154
72,4,3,1.224744871391589
72,6,6,-0.816496580927726
72,8,3,0.20412414523193154
72,12,12,-0.6123724356957945
72,12,13,0.6123724356957945
72,12,17,1.224744871391589
72,13,12,0.6123724356957945
72,15,15,-4.898979485566356
72,17,12,1.224744871391589
72,17,17,-0.816496580927726
72,17,18,0.816496580927726
72,18,17,0.816496580927726
72,34,34,0.30618621784789724
73,0,3,-0.9682458365518543
73,3,0,-0.9682458365518543
73,3,6,1.2909944487358056
73,6,3,1.2909944487358056
73,6,8,-0.2581988897471611
73,8,6,-0.2581988897471611
73,12,15,1.9364916731037085
73,15,12,1.9364916731037085
73,15,17,-2.581988897471611
73,17,15,-2.581988897471611
73,17,19,0.5163977794943222
73,19,17,0.5163977794943222
74,3,3,-2.3717082451262845
74,3,8,0.7905694150420949
74,8,3,0.7905694150420949
74,8,8,-0.21081851067789195
74,12,12,-0.7905694150420949
74,12,17,2.3717082451262845
74,17,12,2.3717082451262845
74,17,17,-3.1622776601683795
74,17,20,0.21081851067789195
74,20,17,0.21081851067789195
74,34,34,0.39528470752104744
75,0,12,-1.6770509831248424
75,1,12,2.23606797749979
75,2,12,-0.4472135954999579
75,12,0,-1.6770509831248424
75,12,1,2.23606797749979
75,12,2,-0.4472135954999579
75,12,21,1.118033988749895
75,13,21,-1.4907119849998598
75,14,21,0.2981423969999719
75,21,12,1.118033988749895
75,21,13,-1.4907119849998598
75,21,14,0.2981423969999719
76,3,12,-0.75
76,4,12,3.
76,5,12,-1.
76,12,3,-0.75
76,12,4,3.
76,12,5,-1.
76,12,23,0.5
76,15,21,-2.
76,16,21,0.6666666666666666
76,21,15,-2.
76,21,16,0.6666666666666666
76,23,12,0.5
77,0,12,-1.0606601717798212
77,1,12,0.7071067811865475
77,6,12,2.1213203435596424
77,7,12,-1.4142135623730951
77,12,0,-1.0606601717798212
77,12,1,0.7071067811865475
77,12,6,2.1213203435596424
77,12,7,-1.4142135623730951
77,12,21,0.7071067811865475
77,13,21,-0.4714045207910317
77,17,21,-1.4142135623730951
77,18,21,0.9428090415820634
77,21,12,0.7071067811865475
77,21,13,-0.4714045207910317
77,21,17,-1.4142135623730951
77,21,18,0.9428090415820634
78,3,12,-1.0606601717798212
78,4,12,2.1213203435596424
78,8,12,0.7071067811865475
78,9,12,-1.4142135623730951
78,12,3,-1.0606601717798212
78,12,4,2.1213203435596424
78,12,8,0.7071067811865475
78,12,9,-1.4142135623730951
78,12,23,0.7071067811865475
78,15,21,-1.4142135623730951
78,17,23,-0.4714045207910317
78,19,21,0.9428090415820634
78,21,15,-1.4142135623730951
78,21,19,0.9428090415820634
78,23,12,0.7071067811865475
78,23,17,-0.4714045207910317
79,0,12,-0.75
79,6,12,3.
79,10,12,-1.
79,12,0,-0.75
79,12,6,3.
79,12,10,-1.
79,12,21,0.5
79,17,21,-2.
79,20,21,0.6666666666666666
79,21,12,0.5
79,21,17,-2.
79,21,20,0.6666666666666666
80,3,12,-1.6770509831248424
80,8,12,2.23606797749979
80,11,12,-0.4472135954999579
80,12,3,-1.6770509831248424
80,12,8,2.23606797749979
80,12,11,-0.4472135954999579
80,12,23,1.118033988749895
80,17,23,-1.4907119849998598
80,20,23,0.2981423969999719
80,23,12,1.118033988749895
80,23,17,-1.4907119849998598
80,23,20,0.2981423969999719
81,0,0,-1.5
81,0,1,0.25
81,1,0,0.25
81,12,12,-1.5
81,12,13,3.
81,12,27,0.25
81,13,12,3.
81,13,13,-2.
81,21,21,-2.
81,21,22,0.3333333333333333
81,22,21,0.3333333333333333
81,27,12,0.25
81,34,34,0.375
82,0,3,-0.75
82,1,3,0.5
82,3,0,-0.75
82,3,1,0.5
82,12,15,3.
82,13,15,-2.
82,15,12,3.
82,15,13,-2.
82,21,23,-1.
82,22,23,0.6666666666666666
82,23,21,-1.
82,23,22,0.6666666666666666
83,0,0,-0.6123724356957945
83,3,3,-0.6123724356957945
83,3,4,0.6123724356957945
83,4,3,0.6123724356957945
83,12,12,-1.224744871391589
83,12,13,1.224744871391589
83,12,17,1.224744871391589
83,12,27,0.20412414523193154
83,13,12,1.224744871391589
83,15,15,-4.898979485566356
83,17,12,1.224744871391589
83,21,21,-0.816496580927726
83,23,23,-0.816496580927726
83,23,24,0.816496580927726
83,24,23,0.816496580927726
83,27,12,0.20412414523193154
83,34,34,0.30618621784789724
84,0,3,-0.75
84,3,0,-0.75
84,3,6,0.5
84,6,3,0.5
84,12,15,3.
84,15,12,3.
84,15,17,-2.
84,17,15,-2.
84,21,23,-1.
84,23,21,-1.
84,23,25,0.6666666666666666
84,25,23,0.6666666666666666
85,3,3,-1.5
85,3,8,0.25
85,8,3,0.25
85,12,12,-1.5
85,12,17,3.
85,12,27,0.25
85,17,12,3.
85,17,17,-2.
85,23,23,-2.
85,23,26,0.3333333333333333
85,26,23,0.3333333333333333
85,27,12,0.25
85,34,34,0.375
86,0,12,-1.6770509831248424
86,1,12,1.118033988749895
86,12,0,-1.6770509831248424
86,12,1,1.118033988749895
86,12,21,2.23606797749979
86,13,21,-1.4907119849998598
86,21,12,2.23606797749979
86,21,13,-1.4907119849998598
86,21,27,-0.4472135954999579
86,22,27,0.2981423969999719
86,27,21,-0.4472135954999579
86,27,22,0.2981423969999719
87,3,12,-0.9682458365518543
87,4,12,1.9364916731037085
87,12,3,-0.9682458365518543
87,12,4,1.9364916731037085
87,12,23,1.2909944487358056
87,15,21,-2.581988897471611
87,21,15,-2.581988897471611
87,23,12,1.2909944487358056
87,23,27,-0.2581988897471611
87,24,27,0.5163977794943222
87,27,23,-0.2581988897471611
87,27,24,0.5163977794943222
88,0,12,-0.9682458365518543
88,6,12,1.9364916731037085
88,12,0,-0.9682458365518543
88,12,6,1.9364916731037085
88,12,21,1.2909944487358056
88,17,21,-2.581988897471611
88,21,12,1.2909944487358056
88,21,17,-2.581988897471611
88,21,27,-0.2581988897471611
88,25,27,0.5163977794943222
88,27,21,-0.2581988897471611
88,27,25,0.5163977794943222
89,3,12,-1.6770509831248424
89,8,12,1.118033988749895
89,12,3,-1.6770509831248424
89,12,8,1.118033988749895
89,12,23,2.23606797749979
89,17,23,-1.4907119849998598
89,23,12,2.23606797749979
89,23,17,-1.4907119849998598
89,23,27,-0.4472135954999579
89,26,27,0.2981423969999719
89,27,23,-0.4472135954999579
89,27,26,0.2981423969999719
90,0,0,-0.7905694150420949
90,12,12,-2.3717082451262845
90,12,13,2.3717082451262845
90,12,27,0.7905694150420949
90,13,12,2.3717082451262845
90,21,21,-3.1622776601683795
90,27,12,0.7905694150420949
90,27,27,-0.21081851067789195
90,27,28,0.21081851067789195
90,28,27,0.21081851067789195
90,34,34,0.39528470752104744
91,0,3,-0.5590169943749475
91,3,0,-0.5590169943749475
91,12,15,3.3541019662496847
91,15,12,3.3541019662496847
91,21,23,-2.23606797749979
91,23,21,-2.23606797749979
91,27,29,0.2981423969999719
91,29,27,0.2981423969999719
92,3,3,-0.7905694150420949
92,12,12,-2.3717082451262845
92,12,17,2.3717082451262845
92,12,27,0.7905694150420949
92,17,12,2.3717082451262845
92,23,23,-3.1622776601683795
92,27,12,0.7905694150420949
92,27,27,-0.21081851067789195
92,27,30,0.21081851067789195
92,30,27,0.21081851067789195
92,34,34,0.39528470752104744
93,0,12,-1.479019945774904
93,12,0,-1.479019945774904
93,12,21,2.958039891549808
93,21,12,2.958039891549808
93,21,27,-1.1832159566199232
93,27,21,-1.1832159566199232
93,27,31,0.1126872339638022
93,31,27,0.1126872339638022
94,3,12,-1.479019945774904
94,12,3,-1.479019945774904
94,12,23,2.958039891549808
94,23,12,2.958039891549808
94,23,27,-1.1832159566199232
94,27,23,-1.1832159566199232
94,27,32,0.1126872339638022
94,32,27,0.1126872339638022
95,12,12,-4.183300132670378
95,12,27,2.091650066335189
95,27,12,2.091650066335189
95,27,27,-1.115546702045434
95,27,33,0.03984095364447979
95,33,27,0.03984095364447979
95,34,34,0.5229125165837972
96,0,0,4.960783708246107
96,0,1,-3.307189138830738
96,1,0,-3.307189138830738
96,1,1,2.6457513110645907
96,1,2,-0.1889822365046136
96,2,1,-0.1889822365046136
96,2,2,0.01679842102263232
96,34,34,-0.49607837082461076
97,0,3,1.5687375497513916
97,1,3,-4.183300132670378
97,2,3,2.5099800796022267
97,2,4,-0.47809144373375745
97,2,5,0.026560635762986524
97,3,0,1.5687375497513916
97,3,1,-4.183300132670378
97,3,2,2.5099800796022267
97,4,2,-0.47809144373375745
97,5,2,0.026560635762986524
98,0,0,2.958039891549808
98,0,1,-1.479019945774904
98,1,0,-1.479019945774904
98,1,1,0.7888106377466154
98,1,2,-0.02817180849095055
98,2,1,-0.02817180849095055
98,3,3,0.739509972887452
98,3,4,-2.958039891549808
98,4,3,-2.958039891549808
98,4,4,5.916079783099616
98,4,5,-0.7888106377466154
98,5,4,-0.7888106377466154
98,5,5,0.1126872339638022
98,34,34,-0.369754986443726
99,0,3,1.8114220932736798
99,1,3,-3.6228441865473595
99,2,3,1.449137674618944
99,2,4,-0.13801311186847084
99,3,0,1.8114220932736798
99,3,1,-3.6228441865473595
99,3,2,1.449137674618944
99,3,6,-1.20761472884912
99,4,2,-0.13801311186847084
99,4,6,2.41522945769824
99,5,6,-0.9660917830792959
99,5,7,0.09200874124564723
99,6,3,-1.20761472884912
99,6,4,2.41522945769824
99,6,5,-0.9660917830792959
99,7,5,0.09200874124564723
100,0,0,2.053959590644373
100,0,1,-0.6846531968814576
100,1,0,-0.6846531968814576
100,1,1,0.18257418583505536
100,3,3,1.3693063937629153
100,3,4,-4.107919181288746
100,3,8,-0.22821773229381923
100,4,3,-4.107919181288746
100,4,4,5.477225575051661
100,4,5,-0.3651483716701107
100,5,4,-0.3651483716701107
100,6,6,2.7386127875258306
100,6,7,-0.9128709291752769
100,7,6,-0.9128709291752769
100,7,7,0.2434322477800738
100,8,3,-0.22821773229381923
100,34,34,-0.3423265984407288
101,0,3,1.875
101,1,3,-2.5
101,2,3,0.5
101,3,0,1.875
101,3,1,-2.5
101,3,2,0.5
101,3,6,-2.5
101,4,6,3.3333333333333335
101,5,6,-0.6666666666666666
101,6,3,-2.5
101,6,4,3.3333333333333335
101,6,5,-0.6666666666666666
101,6,8,0.5
101,7,8,-0.6666666666666666
101,7,9,0.13333333333333333
101,8,6,0.5
101,8,7,-0.6666666666666666
101,9,7,0.13333333333333333
102,0,0,1.3693063937629153
102,0,1,-0.22821773229381923
102,1,0,-0.22821773229381923
102,3,3,2.053959590644373
102,3,4,-4.107919181288746
102,3,8,-0.6846531968814576
102,4,3,-4.107919181288746
102,4,4,2.7386127875258306
102,6,6,5.477225575051661
102,6,7,-0.9128709291752769
102,7,6,-0.9128709291752769
102,8,3,-0.6846531968814576
102,8,8,0.18257418583505536
102,8,9,-0.3651483716701107
102,9,8,-0.3651483716701107
102,9,9,0.2434322477800738
102,34,34,-0.3423265984407288
103,0,3,1.8114220932736798
103,1,3,-1.20761472884912
103,3,0,1.8114220932736798
103,3,1,-1.20761472884912
103,3,6,-3.6228441865473595
103,4,6,2.41522945769824
103,6,3,-3.6228441865473595
103,6,4,2.41522945769824
103,6,8,1.449137674618944
103,7,8,-0.9660917830792959
103,8,6,1.449137674618944
103,8,7,-0.9660917830792959
103,8,10,-0.13801311186847084
103,9,10,0.09200874124564723
103,10,8,-0.13801311186847084
103,10,9,0.09200874124564723
104,0,0,0.739509972887452
104,3,3,2.958039891549808
104,3,4,-2.958039891549808
104,3,8,-1.479019945774904
104,4,3,-2.958039891549808
104,6,6,5.916079783099616
104,8,3,-1.479019945774904
104,8,8,0.7888106377466154
104,8,9,-0.7888106377466154
104,8,11,-0.02817180849095055
104,9,8,-0.7888106377466154
104,10,10,0.1126872339638022
104,11,8,-0.02817180849095055
104,34,34,-0.369754986443726
105,0,3,1.5687375497513916
105,3,0,1.5687375497513916
105,3,6,-4.183300132670378
105,6,3,-4.183300132670378
105,6,8,2.5099800796022267
105,8,6,2.5099800796022267
105,8,10,-0.47809144373375745
105,10,8,-0.47809144373375745
105,10,11,0.026560635762986524
105,11,10,0.026560635762986524
106,3,3,4.960783708246107
106,3,8,-3.307189138830738
106,8,3,-3.307189138830738
106,8,8,2.6457513110645907
106,8,11,-0.1889822365046136
106,11,8,-0.1889822365046136
106,11,11,0.01679842102263232
106,34,34,-0.49607837082461076
107,0,12,1.5687375497513916
107,1,12,-4.183300132670378
107,2,12,2.5099800796022267
107,2,13,-0.47809144373375745
107,2,14,0.026560635762986524
107,12,0,1.5687375497513916
107,12,1,-4.183300132670378
107,12,2,2.5099800796022267
107,13,2,-0.47809144373375745
107,14,2,0.026560635762986524
108,3,12,0.5229125165837972
108,4,12,-4.183300132670378
108,5,12,4.183300132670378
108,5,13,-1.115546702045434
108,5,14,0.07968190728895957
108,12,3,0.5229125165837972
108,12,4,-4.183300132670378
108,12,5,4.183300132670378
108,13,5,-1.115546702045434
108,14,5,0.07968190728895957
109,0,12,1.0458250331675945
109,1,12,-2.091650066335189
109,2,12,0.8366600265340756
109,2,13,-0.07968190728895957
109,6,12,-2.091650066335189
109,7,12,4.183300132670378
109,7,13,-1.6733200530681511
109,7,14,0.15936381457791915
109,12,0,1.0458250331675945
109,12,1,-2.091650066335189
109,12,2,0.8366600265340756
109,12,6,-2.091650066335189
109,12,7,4.183300132670378
109,13,2,-0.07968190728895957
109,13,7,-1.6733200530681511
109,14,7,0.15936381457791915
110,3,12,0.6846531968814576
110,4,12,-4.107919181288746
110,5,12,2.7386127875258306
110,5,13,-0.3651483716701107
110,8,12,-0.45643546458763845
110,9,12,2.7386127875258306
110,9,13,-1.8257418583505538
110,9,14,0.2434322477800738
110,12,3,0.6846531968814576
110,12,4,-4.107919181288746
110,12,5,2.7386127875258306
110,12,8,-0.45643546458763845
110,12,9,2.7386127875258306
110,13,5,-0.3651483716701107
110,13,9,-1.8257418583505538
110,14,9,0.2434322477800738
111,0,12,0.8385254915624212
111,1,12,-1.118033988749895
111,2,12,0.22360679774997896
111,6,12,-3.3541019662496847
111,7,12,4.47213595499958
111,7,13,-0.8944271909999159
111,10,12,1.118033988749895
111,10,13,-1.4907119849998598
111,10,14,0.2981423969999719
111,12,0,0.8385254915624212
111,12,1,-1.118033988749895
111,12,2,0.22360679774997896
111,12,6,-3.3541019662496847
111,12,7,4.47213595499958
111,12,10,1.118033988749895
111,13,7,-0.8944271909999159
111,13,10,-1.4907119849998598
111,14,10,0.2981423969999719
112,3,12,0.8385254915624212
112,4,12,-3.3541019662496847
112,5,12,1.118033988749895
112,8,12,-1.118033988749895
112,9,12,4.47213595499958
112,9,13,-1.4907119849998598
112,11,12,0.22360679774997896
112,11,13,-0.8944271909999159
112,11,14,0.2981423969999719
112,12,3,0.8385254915624212
112,12,4,-3.3541019662496847
112,12,5,1.118033988749895
112,12,8,-1.118033988749895
112,12,9,4.47213595499958
112,12,11,0.22360679774997896
112,13,9,-1.4907119849998598
112,13,11,-0.8944271909999159
112,14,11,0.2981423969999719
113,0,12,0.6846531968814576
113,1,12,-0.45643546458763845
113,6,12,-4.107919181288746
113,7,12,2.7386127875258306
113,10,12,2.7386127875258306
113,10,13,-1.8257418583505538
113,11,15,-0.3651483716701107
113,11,16,0.2434322477800738
113,12,0,0.6846531968814576
113,12,1,-0.45643546458763845
113,12,6,-4.107919181288746
113,12,7,2.7386127875258306
113,12,10,2.7386127875258306
113,13,10,-1.8257418583505538
113,15,11,-0.3651483716701107
113,16,11,0.2434322477800738
114,3,12,1.0458250331675945
114,4,12,-2.091650066335189
114,8,12,-2.091650066335189
114,9,12,4.183300132670378
114,11,12,0.8366600265340756
114,11,13,-1.6733200530681511
114,11,17,-0.07968190728895957
114,11,18,0.15936381457791915
114,12,3,1.0458250331675945
114,12,4,-2.091650066335189
114,12,8,-2.091650066335189
114,12,9,4.183300132670378
114,12,11,0.8366600265340756
114,13,11,-1.6733200530681511
114,17,11,-0.07968190728895957
114,18,11,0.15936381457791915
115,0,12,0.5229125165837972
115,6,12,-4.183300132670378
115,10,12,4.183300132670378
115,11,15,-1.115546702045434
115,11,19,0.07968190728895957
115,12,0,0.5229125165837972
115,12,6,-4.183300132670378
115,12,10,4.183300132670378
115,15,11,-1.115546702045434
115,19,11,0.07968190728895957
116,3,12,1.5687375497513916
116,8,12,-4.183300132670378
116,11,12,2.5099800796022267
116,11,17,-0.47809144373375745
116,11,20,0.026560635762986524
116,12,3,1.5687375497513916
116,12,8,-4.183300132670378
116,12,11,2.5099800796022267
116,17,11,-0.47809144373375745
116,20,11,0.026560635762986524
117,0,0,2.958039891549808
117,0,1,-1.479019945774904
117,1,0,-1.479019945774904
117,1,1,0.7888106377466154
117,1,2,-0.02817180849095055
117,2,1,-0.02817180849095055
117,12,12,0.739509972887452
117,12,13,-2.958039891549808
117,13,12,-2.958039891549808
117,13,13,5.916079783099616
117,13,14,-0.7888106377466154
117,14,13,-0.7888106377466154
117,14,14,0.1126872339638022
117,34,34,-0.369754986443726
118,0,3,1.0458250331675945
118,1,3,-2.091650066335189
118,2,3,0.8366600265340756
118,2,4,-0.07968190728895957
118,3,0,1.0458250331675945
118,3,1,-2.091650066335189
118,3,2,0.8366600265340756
118,4,2,-0.07968190728895957
118,12,15,-2.091650066335189
118,13,15,4.183300132670378
118,14,15,-1.6733200530681511
118,14,16,0.15936381457791915
118,15,12,-2.091650066335189
118,15,13,4.183300132670378
118,15,14,-1.6733200530681511
118,16,14,0.15936381457791915
119,0,0,1.6770509831248424
119,0,1,-0.5590169943749475
119,1,0,-0.5590169943749475
119,1,1,0.14907119849998596
119,3,3,0.5590169943749475
119,3,4,-1.6770509831248424
119,4,3,-1.6770509831248424
119,4,4,2.23606797749979
119,4,5,-0.14907119849998596
119,5,4,-0.14907119849998596
119,12,12,0.5590169943749475
119,12,13,-1.6770509831248424
119,12,17,-0.5590169943749475
119,13,12,-1.6770509831248424
119,13,13,2.23606797749979
119,13,14,-0.14907119849998596
119,14,13,-0.14907119849998596
119,15,15,6.708203932499369
119,15,16,-2.23606797749979
119,16,15,-2.23606797749979
119,16,16,0.5962847939999438
119,17,12,-0.5590169943749475
119,34,34,-0.2795084971874737
120,0,3,1.1858541225631423
120,1,3,-1.5811388300841898
120,2,3,0.31622776601683794
120,3,0,1.1858541225631423
120,3,1,-1.5811388300841898
120,3,2,0.31622776601683794
120,3,6,-0.7905694150420949
120,4,6,1.0540925533894598
120,5,6,-0.21081851067789195
120,6,3,-0.7905694150420949
120,6,4,1.0540925533894598
120,6,5,-0.21081851067789195
120,12,15,-2.3717082451262845
120,13,15,3.1622776601683795
120,14,15,-0.6324555320336759
120,15,12,-2.3717082451262845
120,15,13,3.1622776601683795
120,15,14,-0.6324555320336759
120,15,17,1.5811388300841898
120,16,17,-2.1081851067789197
120,16,18,0.4216370213557839
120,17,15,1.5811388300841898
120,17,16,-2.1081851067789197
120,18,16,0.4216370213557839
121,0,0,1.0606601717798212
121,0,1,-0.17677669529663687
121,1,0,-0.17677669529663687
121,3,3,1.0606601717798212
121,3,4,-2.1213203435596424
121,3,8,-0.17677669529663687
121,4,3,-2.1213203435596424
121,4,4,1.4142135623730951
121,6,6,1.4142135623730951
121,6,7,-0.2357022603955158
121,7,6,-0.2357022603955158
121,8,3,-0.17677669529663687
121,12,12,0.5303300858899106
121,12,13,-1.0606601717798212
121,12,17,-1.0606601717798212
121,13,12,-1.0606601717798212
121,13,13,0.7071067811865475
121,15,15,8.485281374238571
121,15,16,-1.4142135623730951
121,16,15,-1.4142135623730951
121,17,12,-1.0606601717798212
121,17,17,0.7071067811865475
121,17,18,-1.4142135623730951
121,18,17,-1.4142135623730951
121,18,18,0.9428090415820634
121,34,34,-0.2651650429449553
122,0,3,1.1858541225631423
122,1,3,-0.7905694150420949
122,3,0,1.1858541225631423
122,3,1,-0.7905694150420949
122,3,6,-1.5811388300841898
122,4,6,1.0540925533894598
122,6,3,-1.5811388300841898
122,6,4,1.0540925533894598
122,6,8,0.31622776601683794
122,7,8,-0.21081851067789195
122,8,6,0.31622776601683794
122,8,7,-0.21081851067789195
122,12,15,-2.3717082451262845
122,13,15,1.5811388300841898
122,15,12,-2.3717082451262845
122,15,13,1.5811388300841898
122,15,17,3.1622776601683795
122,16,17,-2.1081851067789197
122,17,15,3.1622776601683795
122,17,16,-2.1081851067789197
122,17,19,-0.6324555320336759
122,18,19,0.4216370213557839
122,19,17,-0.6324555320336759
122,19,18,0.4216370213557839
123,0,0,0.5590169943749475
123,3,3,1.6770509831248424
123,3,4,-1.6770509831248424
123,3,8,-0.5590169943749475
123,4,3,-1.6770509831248424
123,6,6,2.23606797749979
123,8,3,-0.5590169943749475
123,8,8,0.14907119849998596
123,8,9,-0.14907119849998596
123,9,8,-0.14907119849998596
123,12,12,0.5590169943749475
123,12,13,-0.5590169943749475
123,12,17,-1.6770509831248424
123,13,12,-0.5590169943749475
123,15,15,6.708203932499369
123,17,12,-1.6770509831248424
123,17,17,2.23606797749979
123,17,18,-2.23606797749979
123,17,20,-0.14907119849998596
123,18,17,-2.23606797749979
123,19,19,0.5962847939999438
123,20,17,-0.14907119849998596
123,34,34,-0.2795084971874737
124,0,3,1.0458250331675945
124,3,0,1.0458250331675945
124,3,6,-2.091650066335189
124,6,3,-2.091650066335189
124,6,8,0.8366600265340756
124,8,6,0.8366600265340756
124,8,10,-0.07968190728895957
124,10,8,-0.07968190728895957
124,12,15,-2.091650066335189
124,15,12,-2.091650066335189
124,15,17,4.183300132670378
124,17,15,4.183300132670378
124,17,19,-1.6733200530681511
124,19,17,-1.6733200530681511
124,19,20,0.15936381457791915
124,20,19,0.15936381457791915
125,3,3,2.958039891549808
125,3,8,-1.479019945774904
125,8,3,-1.479019945774904
125,8,8,0.7888106377466154
125,8,11,-0.02817180849095055
125,11,8,-0.02817180849095055
125,12,12,0.739509972887452
125,12,17,-2.958039891549808
125,17,12,-2.958039891549808
125,17,17,5.916079783099616
125,17,20,-0.7888106377466154
125,20,17,-0.7888106377466154
125,20,20,0.1126872339638022
125,34,34,-0.369754986443726
126,0,12,1.8114220932736798
126,1,12,-3.6228441865473595
126,2,12,1.449137674618944
126,2,13,-0.13801311186847084
126,12,0,1.8114220932736798
126,12,1,-3.6228441865473595
126,12,2,1.449137674618944
126,12,21,-1.20761472884912
126,13,2,-0.13801311186847084
126,13,21,2.41522945769824
126,14,21,-0.9660917830792959
126,14,22,0.09200874124564723
126,21,12,-1.20761472884912
126,21,13,2.41522945769824
126,21,14,-0.9660917830792959
126,22,14,0.09200874124564723
127,3,12,0.6846531968814576
127,4,12,-4.107919181288746
127,5,12,2.7386127875258306
127,5,13,-0.3651483716701107
127,12,3,0.6846531968814576
127,12,4,-4.107919181288746
127,12,5,2.7386127875258306
127,12,23,-0.45643546458763845
127,13,5,-0.3651483716701107
127,15,21,2.7386127875258306
127,16,21,-1.8257418583505538
127,16,22,0.2434322477800738
127,21,15,2.7386127875258306
127,21,16,-1.8257418583505538
127,22,16,0.2434322477800738
127,23,12,-0.45643546458763845
128,0,12,1.1858541225631423
128,1,12,-1.5811388300841898
128,2,12,0.31622776601683794
128,6,12,-2.3717082451262845
128,7,12,3.1622776601683795
128,7,13,-0.6324555320336759
128,12,0,1.1858541225631423
128,12,1,-1.5811388300841898
128,12,2,0.31622776601683794
128,12,6,-2.3717082451262845
128,12,7,3.1622776601683795
128,12,21,-0.7905694150420949
128,13,7,-0.6324555320336759
128,13,21,1.0540925533894598
128,14,21,-0.21081851067789195
128,17,21,1.5811388300841898
128,18,21,-2.1081851067789197
128,18,22,0.4216370213557839
128,21,12,-0.7905694150420949
128,21,13,1.0540925533894598
128,21,14,-0.21081851067789195
128,21,17,1.5811388300841898
128,21,18,-2.1081851067789197
128,22,18,0.4216370213557839
129,3,12,0.9185586535436917
129,4,12,-3.674234614174767
129,5,12,1.224744871391589
129,8,12,-0.6123724356957945
129,9,12,2.449489742783178
129,9,13,-0.816496580927726
129,12,3,0.9185586535436917
129,12,4,-3.674234614174767
129,12,5,1.224744871391589
129,12,8,-0.6123724356957945
129,12,9,2.449489742783178
129,12,23,-0.6123724356957945
129,13,9,-0.816496580927726
129,15,21,2.449489742783178
129,16,21,-0.816496580927726
129,17,23,0.4082482904638631
129,19,21,-1.632993161855452
129,19,22,0.5443310539518174
129,21,15,2.449489742783178
129,21,16,-0.816496580927726
129,21,19,-1.632993161855452
129,22,19,0.5443310539518174
129,23,12,-0.6123724356957945
129,23,17,0.4082482904638631
130,0,12,0.9185586535436917
130,1,12,-0.6123724356957945
130,6,12,-3.674234614174767
130,7,12,2.449489742783178
130,10,12,1.224744871391589
130,10,13,-0.816496580927726
130,12,0,0.9185586535436917
130,12,1,-0.6123724356957945
130,12,6,-3.674234614174767
130,12,7,2.449489742783178
130,12,10,1.224744871391589
130,12,21,-0.6123724356957945
130,13,10,-0.816496580927726
130,13,21,0.4082482904638631
130,17,21,2.449489742783178
130,18,21,-1.632993161855452
130,20,21,-0.816496580927726
130,20,22,0.5443310539518174
130,21,12,-0.6123724356957945
130,21,13,0.4082482904638631
130,21,17,2.449489742783178
130,21,18,-1.632993161855452
130,21,20,-0.816496580927726
130,22,20,0.5443310539518174
131,3,12,1.1858541225631423
131,4,12,-2.3717082451262845
131,8,12,-1.5811388300841898
131,9,12,3.1622776601683795
131,11,12,0.31622776601683794
131,11,13,-0.6324555320336759
131,12,3,1.1858541225631423
131,12,4,-2.3717082451262845
131,12,8,-1.5811388300841898
131,12,9,3.1622776601683795
131,12,11,0.31622776601683794
131,12,23,-0.7905694150420949
131,13,11,-0.6324555320336759
131,15,21,1.5811388300841898
131,17,23,1.0540925533894598
131,19,21,-2.1081851067789197
131,20,23,-0.21081851067789195
131,20,24,0.4216370213557839
131,21,15,1.5811388300841898
131,21,19,-2.1081851067789197
131,23,12,-0.7905694150420949
131,23,17,1.0540925533894598
131,23,20,-0.21081851067789195
131,24,20,0.4216370213557839
132,0,12,0.6846531968814576
132,6,12,-4.107919181288746
132,10,12,2.7386127875258306
132,11,15,-0.3651483716701107
132,12,0,0.6846531968814576
132,12,6,-4.107919181288746
132,12,10,2.7386127875258306
132,12,21,-0.45643546458763845
132,15,11,-0.3651483716701107
132,17,21,2.7386127875258306
132,20,21,-1.8257418583505538
132,20,25,0.2434322477800738
132,21,12,-0.45643546458763845
132,21,17,2.7386127875258306
132,21,20,-1.8257418583505538
132,25,20,0.2434322477800738
133,3,12,1.8114220932736798
133,8,12,-3.6228441865473595
133,11,12,1.449137674618944
133,11,17,-0.13801311186847084
133,12,3,1.8114220932736798
133,12,8,-3.6228441865473595
133,12,11,1.449137674618944
133,12,23,-1.20761472884912
133,17,11,-0.13801311186847084
133,17,23,2.41522945769824
133,20,23,-0.9660917830792959
133,20,26,0.09200874124564723
133,23,12,-1.20761472884912
133,23,17,2.41522945769824
133,23,20,-0.9660917830792959
133,26,20,0.09200874124564723
134,0,0,2.053959590644373
134,0,1,-0.6846531968814576
134,1,0,-0.6846531968814576
134,1,1,0.18257418583505536
134,12,12,1.3693063937629153
134,12,13,-4.107919181288746
134,12,27,-0.22821773229381923
134,13,12,-4.107919181288746
134,13,13,5.477225575051661
134,13,14,-0.3651483716701107
134,14,13,-0.3651483716701107
134,21,21,2.7386127875258306
134,21,22,-0.9128709291752769
134,22,21,-0.9128709291752769
134,22,22,0.2434322477800738
134,27,12,-0.22821773229381923
134,34,34,-0.3423265984407288
135,0,3,0.8385254915624212
135,1,3,-1.118033988749895
135,2,3,0.22360679774997896
135,3,0,0.8385254915624212
135,3,1,-1.118033988749895
135,3,2,0.22360679774997896
135,12,15,-3.3541019662496847
135,13,15,4.47213595499958
135,14,15,-0.8944271909999159
135,15,12,-3.3541019662496847
135,15,13,4.47213595499958
135,15,14,-0.8944271909999159
135,21,23,1.118033988749895
135,22,23,-1.4907119849998598
135,22,24,0.2981423969999719
135,23,21,1.118033988749895
135,23,22,-1.4907119849998598
135,24,22,0.2981423969999719
136,0,0,1.0606601717798212
136,0,1,-0.17677669529663687
136,1,0,-0.17677669529663687
136,3,3,0.5303300858899106
136,3,4,-1.0606601717798212
136,4,3,-1.0606601717798212
136,4,4,0.7071067811865475
136,12,12,1.0606601717798212
136,12,13,-2.1213203435596424
136,12,17,-1.0606601717798212
136,12,27,-0.17677669529663687
136,13,12,-2.1213203435596424
136,13,13,1.4142135623730951
136,15,15,8.485281374238571
136,15,16,-1.4142135623730951
136,16,15,-1.4142135623730951
136,17,12,-1.0606601717798212
136,21,21,1.4142135623730951
136,21,22,-0.2357022603955158
136,22,21,-0.2357022603955158
136,23,23,0.7071067811865475
136,23,24,-1.4142135623730951
136,24,23,-1.4142135623730951
136,24,24,0.9428090415820634
136,27,12,-0.17677669529663687
136,34,34,-0.2651650429449553
137,0,3,0.9185586535436917
137,1,3,-0.6123724356957945
137,3,0,0.9185586535436917
137,3,1,-0.6123724356957945
137,3,6,-0.6123724356957945
137,4,6,0.4082482904638631
137,6,3,-0.6123724356957945
137,6,4,0.4082482904638631
137,12,15,-3.674234614174767
137,13,15,2.449489742783178
137,15,12,-3.674234614174767
137,15,13,2.449489742783178
137,15,17,2.449489742783178
137,16,17,-1.632993161855452
137,17,15,2.449489742783178
137,17,16,-1.632993161855452
137,21,23,1.224744871391589
137,22,23,-0.816496580927726
137,23,21,1.224744871391589
137,23,22,-0.816496580927726
137,23,25,-0.816496580927726
137,24,25,0.5443310539518174
137,25,23,-0.816496580927726
137,25,24,0.5443310539518174
138,0,0,0.5303300858899106
138,3,3,1.0606601717798212
138,3,4,-1.0606601717798212
138,3,8,-0.17677669529663687
138,4,3,-1.0606601717798212
138,6,6,0.7071067811865475
138,8,3,-0.17677669529663687
138,12,12,1.0606601717798212
138,12,13,-1.0606601717798212
138,12,17,-2.1213203435596424
138,12,27,-0.17677669529663687
138,13,12,-1.0606601717798212
138,15,15,8.485281374238571
138,17,12,-2.1213203435596424
138,17,17,1.4142135623730951
138,17,18,-1.4142135623730951
138,18,17,-1.4142135623730951
138,21,21,0.7071067811865475
138,23,23,1.4142135623730951
138,23,24,-1.4142135623730951
138,23,26,-0.2357022603955158
138,24,23,-1.4142135623730951
138,25,25,0.9428090415820634
138,26,23,-0.2357022603955158
138,27,12,-0.17677669529663687
138,34,34,-0.2651650429449553
139,0,3,0.8385254915624212
139,3,0,0.8385254915624212
139,3,6,-1.118033988749895
139,6,3,-1.118033988749895
139,6,8,0.22360679774997896
139,8,6,0.22360679774997896
139,12,15,-3.3541019662496847
139,15,12,-3.3541019662496847
139,15,17,4.47213595499958
139,17,15,4.47213595499958
139,17,19,-0.8944271909999159
139,19,17,-0.8944271909999159
139,21,23,1.118033988749895
139,23,21,1.118033988749895
139,23,25,-1.4907119849998598
139,25,23,-1.4907119849998598
139,25,26,0.2981423969999719
139,26,25,0.2981423969999719
140,3,3,2.053959590644373
140,3,8,-0.6846531968814576
140,8,3,-0.6846531968814576
140,8,8,0.18257418583505536
140,12,12,1.3693063937629153
140,12,17,-4.107919181288746
140,12,27,-0.22821773229381923
140,17,12,-4.107919181288746
140,17,17,5.477225575051661
140,17,20,-0.3651483716701107
140,20,17,-0.3651483716701107
140,23,23,2.7386127875258306
140,23,26,-0.9128709291752769
140,26,23,-0.9128709291752769
140,26,26,0.2434322477800738
140,27,12,-0.22821773229381923
140,34,34,-0.3423265984407288
141,0,12,1.875
141,1,12,-2.5
141,2,12,0.5
141,12,0,1.875
141,12,1,-2.5
141,12,2,0.5
141,12,21,-2.5
141,13,21,3.3333333333333335
141,14,21,-0.6666666666666666
141,21,12,-2.5
141,21,13,3.3333333333333335
141,21,14,-0.6666666666666666
141,21,27,0.5
141,22,27,-0.6666666666666666
141,22,28,0.13333333333333333
141,27,21,0.5
141,27,22,-0.6666666666666666
141,28,22,0.13333333333333333
142,3,12,0.8385254915624212
142,4,12,-3.3541019662496847
142,5,12,1.118033988749895
142,12,3,0.8385254915624212
142,12,4,-3.3541019662496847
142,12,5,1.118033988749895
142,12,23,-1.118033988749895
142,15,21,4.47213595499958
142,16,21,-1.4907119849998598
142,21,15,4.47213595499958
142,21,16,-1.4907119849998598
142,23,12,-1.118033988749895
142,23,27,0.22360679774997896
142,24,27,-0.8944271909999159
142,24,28,0.2981423969999719
142,27,23,0.22360679774997896
142,27,24,-0.8944271909999159
142,28,24,0.2981423969999719
143,0,12,1.1858541225631423
143,1,12,-0.7905694150420949
143,6,12,-2.3717082451262845
143,7,12,1.5811388300841898
143,12,0,1.1858541225631423
143,12,1,-0.7905694150420949
143,12,6,-2.3717082451262845
143,12,7,1.5811388300841898
143,12,21,-1.5811388300841898
143,13,21,1.0540925533894598
143,17,21,3.1622776601683795
143,18,21,-2.1081851067789197
143,21,12,-1.5811388300841898
143,21,13,1.0540925533894598
143,21,17,3.1622776601683795
143,21,18,-2.1081851067789197
143,21,27,0.31622776601683794
143,22,27,-0.21081851067789195
143,25,27,-0.6324555320336759
143,25,28,0.4216370213557839
143,27,21,0.31622776601683794
143,27,22,-0.21081851067789195
143,27,25,-0.6324555320336759
143,28,25,0.4216370213557839
144,3,12,1.1858541225631423
144,4,12,-2.3717082451262845
144,8,12,-0.7905694150420949
144,9,12,1.5811388300841898
144,12,3,1.1858541225631423
144,12,4,-2.3717082451262845
144,12,8,-0.7905694150420949
144,12,9,1.5811388300841898
144,12,23,-1.5811388300841898
144,15,21,3.1622776601683795
144,17,23,1.0540925533894598
144,19,21,-2.1081851067789197
144,21,15,3.1622776601683795
144,21,19,-2.1081851067789197
144,23,12,-1.5811388300841898
144,23,17,1.0540925533894598
144,23,27,0.31622776601683794
144,24,27,-0.6324555320336759
144,26,27,-0.21081851067789195
144,26,28,0.4216370213557839
144,27,23,0.31622776601683794
144,27,24,-0.6324555320336759
144,27,26,-0.21081851067789195
144,28,26,0.4216370213557839
145,0,12,0.8385254915624212
145,6,12,-3.3541019662496847
145,10,12,1.118033988749895
145,12,0,0.8385254915624212
145,12,6,-3.3541019662496847
145,12,10,1.118033988749895
145,12,21,-1.118033988749895
145,17,21,4.47213595499958
145,20,21,-1.4907119849998598
145,21,12,-1.118033988749895
145,21,17,4.47213595499958
145,21,20,-1.4907119849998598
145,21,27,0.22360679774997896
145,25,27,-0.8944271909999159
145,26,29,0.2981423969999719
145,27,21,0.22360679774997896
145,27,25,-0.8944271909999159
145,29,26,0.2981423969999719
146,3,12,1.875
146,8,12,-2.5
146,11,12,0.5
146,12,3,1.875
146,12,8,-2.5
146,12,11,0.5
146,12,23,-2.5
146,17,23,3.3333333333333335
146,20,23,-0.6666666666666666
146,23,12,-2.5
146,23,17,3.3333333333333335
146,23,20,-0.6666666666666666
146,23,27,0.5
146,26,27,-0.6666666666666666
146,26,30,0.13333333333333333
146,27,23,0.5
146,27,26,-0.6666666666666666
146,30,26,0.13333333333333333
147,0,0,1.3693063937629153
147,0,1,-0.22821773229381923
147,1,0,-0.22821773229381923
147,12,12,2.053959590644373
147,12,13,-4.107919181288746
147,12,27,-0.6846531968814576
147,13,12,-4.107919181288746
147,13,13,2.7386127875258306
147,21,21,5.477225575051661
147,21,22,-0.9128709291752769
147,22,21,-0.9128709291752769
147,27,12,-0.6846531968814576
147,27,27,0.18257418583505536
147,27,28,-0.3651483716701107
147,28,27,-0.3651483716701107
147,28,28,0.2434322477800738
147,34,34,-0.3423265984407288
148,0,3,0.6846531968814576
148,1,3,-0.45643546458763845
148,3,0,0.6846531968814576
148,3,1,-0.45643546458763845
148,12,15,-4.107919181288746
148,13,15,2.7386127875258306
148,15,12,-4.107919181288746
148,15,13,2.7386127875258306
148,21,23,2.7386127875258306
148,22,23,-1.8257418583505538
148,23,21,2.7386127875258306
148,23,22,-1.8257418583505538
148,27,29,-0.3651483716701107
148,28,29,0.2434322477800738
148,29,27,-0.3651483716701107
148,29,28,0.2434322477800738
149,0,0,0.5590169943749475
149,3,3,0.5590169943749475
149,3,4,-0.5590169943749475
149,4,3,-0.5590169943749475
149,12,12,1.6770509831248424
149,12,13,-1.6770509831248424
149,12,17,-1.6770509831248424
149,12,27,-0.5590169943749475
149,13,12,-1.6770509831248424
149,15,15,6.708203932499369
149,17,12,-1.6770509831248424
149,21,21,2.23606797749979
149,23,23,2.23606797749979
149,23,24,-2.23606797749979
149,24,23,-2.23606797749979
149,27,12,-0.5590169943749475
149,27,27,0.14907119849998596
149,27,28,-0.14907119849998596
149,27,30,-0.14907119849998596
149,28,27,-0.14907119849998596
149,29,29,0.5962847939999438
149,30,27,-0.14907119849998596
149,34,34,-0.2795084971874737
150,0,3,0.6846531968814576
150,3,0,0.6846531968814576
150,3,6,-0.45643546458763845
150,6,3,-0.45643546458763845
150,12,15,-4.107919181288746
150,15,12,-4.107919181288746
150,15,17,2.7386127875258306
150,17,15,2.7386127875258306
150,21,23,2.7386127875258306
150,23,21,2.7386127875258306
150,23,25,-1.8257418583505538
150,25,23,-1.8257418583505538
150,27,29,-0.3651483716701107
150,29,27,-0.3651483716701107
150,29,30,0.2434322477800738
150,30,29,0.2434322477800738
151,3,3,1.3693063937629153
151,3,8,-0.22821773229381923
151,8,3,-0.22821773229381923
151,12,12,2.053959590644373
151,12,17,-4.107919181288746
151,12,27,-0.6846531968814576
151,17,12,-4.107919181288746
151,17,17,2.7386127875258306
151,23,23,5.477225575051661
151,23,26,-0.9128709291752769
151,26,23,-0.9128709291752769
151,27,12,-0.6846531968814576
151,27,27,0.18257418583505536
151,27,30,-0.3651483716701107
151,30,27,-0.3651483716701107
151,30,30,0.2434322477800738
151,34,34,-0.3423265984407288
152,0,12,1.8114220932736798
152,1,12,-1.20761472884912
152,12,0,1.8114220932736798
152,12,1,-1.20761472884912
152,12,21,-3.6228441865473595
152,13,21,2.41522945769824
152,21,12,-3.6228441865473595
152,21,13,2.41522945769824
152,21,27,1.449137674618944
152,22,27,-0.9660917830792959
152,27,21,1.449137674618944
152,27,22,-0.9660917830792959
152,27,31,-0.13801311186847084
152,28,31,0.09200874124564723
152,31,27,-0.13801311186847084
152,31,28,0.09200874124564723
153,3,12,1.0458250331675945
153,4,12,-2.091650066335189
153,12,3,1.0458250331675945
153,12,4,-2.091650066335189
153,12,23,-2.091650066335189
153,15,21,4.183300132670378
153,21,15,4.183300132670378
153,23,12,-2.091650066335189
153,23,27,0.8366600265340756
153,24,27,-1.6733200530681511
153,27,23,0.8366600265340756
153,27,24,-1.6733200530681511
153,27,32,-0.07968190728895957
153,29,31,0.15936381457791915
153,31,29,0.15936381457791915
153,32,27,-0.07968190728895957
154,0,12,1.0458250331675945
154,6,12,-2.091650066335189
154,12,0,1.0458250331675945
154,12,6,-2.091650066335189
154,12,21,-2.091650066335189
154,17,21,4.183300132670378
154,21,12,-2.091650066335189
154,21,17,4.183300132670378
154,21,27,0.8366600265340756
154,25,27,-1.6733200530681511
154,27,21,0.8366600265340756
154,27,25,-1.6733200530681511
154,27,31,-0.07968190728895957
154,30,31,0.15936381457791915
154,31,27,-0.07968190728895957
154,31,30,0.15936381457791915
155,3,12,1.8114220932736798
155,8,12,-1.20761472884912
155,12,3,1.8114220932736798
155,12,8,-1.20761472884912
155,12,23,-3.6228441865473595
155,17,23,2.41522945769824
155,23,12,-3.6228441865473595
155,23,17,2.41522945769824
155,23,27,1.449137674618944
155,26,27,-0.9660917830792959
155,27,23,1.449137674618944
155,27,26,-0.9660917830792959
155,27,32,-0.13801311186847084
155,30,32,0.09200874124564723
155,32,27,-0.13801311186847084
155,32,30,0.09200874124564723
156,0,0,0.739509972887452
156,12,12,2.958039891549808
156,12,13,-2.958039891549808
156,12,27,-1.479019945774904
156,13,12,-2.958039891549808
156,21,21,5.916079783099616
156,27,12,-1.479019945774904
156,27,27,0.7888106377466154
156,27,28,-0.7888106377466154
156,27,33,-0.02817180849095055
156,28,27,-0.7888106377466154
156,31,31,0.1126872339638022
156,33,27,-0.02817180849095055
156,34,34,-0.369754986443726
157,0,3,0.5229125165837972
157,3,0,0.5229125165837972
157,12,15,-4.183300132670378
157,15,12,-4.183300132670378
157,21,23,4.183300132670378
157,23,21,4.183300132670378
157,27,29,-1.115546702045434
157,29,27,-1.115546702045434
157,31,32,0.07968190728895957
157,32,31,0.07968190728895957
158,3,3,0.739509972887452
158,12,12,2.958039891549808
158,12,17,-2.958039891549808
158,12,27,-1.479019945774904
158,17,12,-2.958039891549808
158,23,23,5.916079783099616
158,27,12,-1.479019945774904
158,27,27,0.7888106377466154
158,27,30,-0.7888106377466154
158,27,33,-0.02817180849095055
158,30,27,-0.7888106377466154
158,32,32,0.1126872339638022
158,33,27,-0.02817180849095055
158,34,34,-0.369754986443726
159,0,12,1.5687375497513916
159,12,0,1.5687375497513916
159,12,21,-4.183300132670378
159,21,12,-4.183300132670378
159,21,27,2.5099800796022267
159,27,21,2.5099800796022267
159,27,31,-0.47809144373375745
159,31,27,-0.47809144373375745
159,31,33,0.026560635762986524
159,33,31,0.026560635762986524
160,3,12,1.5687375497513916
160,12,3,1.5687375497513916
160,12,23,-4.183300132670378
160,23,12,-4.183300132670378
160,23,27,2.5099800796022267
160,27,23,2.5099800796022267
160,27,32,-0.47809144373375745
160,32,27,-0.47809144373375745
160,32,33,0.026560635762986524
160,33,32,0.026560635762986524
161,12,12,4.960783708246107
161,12,27,-3.307189138830738
161,27,12,-3.307189138830738
161,27,27,2.6457513110645907
161,27,33,-0.1889822365046136
161,33,27,-0.1889822365046136
161,33,33,0.01679842102263232
161,34,34,-0.49607837082461076
162,0,0,-2.
162,34,35,1.
162,35,34,1.
163,0,1,-1.
163,1,0,-1.
163,34,36,1.
163,36,34,1.
164,0,3,-1.
164,3,0,-1.
164,34,37,1.
164,37,34,1.
165,1,3,-1.
165,3,1,-1.
165,34,38,1.
165,38,34,1.
166,3,3,-2.
166,34,39,1.
166,39,34,1.
167,3,4,-1.
167,4,3,-1.
167,34,40,1.
167,40,34,1.
168,3,6,-1.
168,6,3,-1.
168,34,41,1.
168,41,34,1.
169,3,8,-1.
169,8,3,-1.
169,34,42,1.
169,42,34,1.
170,0,12,-1.
170,12,0,-1.
170,34,43,1.
170,43,34,1.
171,1,12,-1.
171,12,1,-1.
171,34,44,1.
171,44,34,1.
172,3,12,-1.
172,12,3,-1.
172,34,45,1.
172,45,34,1.
173,4,12,-1.
173,12,4,-1.
173,34,46,1.
173,46,34,1.
174,6,12,-1.
174,12,6,-1.
174,34,47,1.
174,47,34,1.
175,8,12,-1.
175,12,8,-1.
175,34,48,1.
175,48,34,1.
176,12,12,-2.
176,34,49,1.
176,49,34,1.
177,12,13,-1.
177,13,12,-1.
177,34,50,1.
177,50,34,1.
178,12,15,-1.
178,15,12,-1.
178,34,51,1.
178,51,34,1.
179,12,17,-1.
179,17,12,-1.
179,34,52,1.
179,52,34,1.
180,12,21,-1.
180,21,12,-1.
180,34,53,1.
180,53,34,1.
181,12,23,-1.
181,23,12,-1.
181,34,54,1.
181,54,34,1.
182,12,27,-1.
182,27,12,-1.
182,34,55,1.
182,55,34,1.
183,0,1,-0.5
183,1,0,-0.5
183,35,35,1.
184,1,1,-2.
184,35,36,1.
184,36,35,1.
185,1,3,-1.
185,3,1,-1.
185,35,37,1.
185,37,35,1.
186,2,3,-1.
186,3,2,-1.
186,35,38,1.
186,38,35,1.
187,3,4,-1.
187,4,3,-1.
187,35,39,1.
187,39,35,1.
188,4,4,-2.
188,35,40,1.
188,40,35,1.
189,4,6,-1.
189,6,4,-1.
189,35,41,1.
189,41,35,1.
190,6,6,-2.
190,35,42,1.
190,42,35,1.
191,1,12,-1.
191,12,1,-1.
191,35,43,1.
191,43,35,1.
192,2,12,-1.
192,12,2,-1.
192,35,44,1.
192,44,35,1.
193,4,12,-1.
193,12,4,-1.
193,35,45,1.
193,45,35,1.
194,5,12,-1.
194,12,5,-1.
194,35,46,1.
194,46,35,1.
195,7,12,-1.
195,12,7,-1.
195,35,47,1.
195,47,35,1.
196,9,12,-1.
196,12,9,-1.
196,35,48,1.
196,48,35,1.
197,12,13,-1.
197,13,12,-1.
197,35,49,1.
197,49,35,1.
198,13,13,-2.
198,35,50,1.
198,50,35,1.
199,13,15,-1.
199,15,13,-1.
199,35,51,1.
199,51,35,1.
200,15,15,-2.
200,35,52,1.
200,52,35,1.
201,13,21,-1.
201,21,13,-1.
201,35,53,1.
201,53,35,1.
202,15,21,-1.
202,21,15,-1.
202,35,54,1.
202,54,35,1.
203,21,21,-2.
203,35,55,1.
203,55,35,1.
204,1,2,-0.5
204,2,1,-0.5
204,36,36,1.
205,2,3,-1.
205,3,2,-1.
205,36,37,1.
205,37,36,1.
206,2,4,-1.
206,4,2,-1.
206,36,38,1.
206,38,36,1.
207,4,4,-2.
207,36,39,1.
207,39,36,1.
208,4,5,-1.
208,5,4,-1.
208,36,40,1.
208,40,36,1.
209,5,6,-1.
209,6,5,-1.
209,36,41,1.
209,41,36,1.
210,6,7,-1.
210,7,6,-1.
210,36,42,1.
210,42,36,1.
211,2,12,-1.
211,12,2,-1.
211,36,43,1.
211,43,36,1.
212,2,13,-1.
212,13,2,-1.
212,36,44,1.
212,44,36,1.
213,5,12,-1.
213,12,5,-1.
213,36,45,1.
213,45,36,1.
214,5,13,-1.
214,13,5,-1.
214,36,46,1.
214,46,36,1.
215,7,13,-1.
215,13,7,-1.
215,36,47,1.
215,47,36,1.
216,9,13,-1.
216,13,9,-1.
216,36,48,1.
216,48,36,1.
217,13,13,-2.
217,36,49,1.
217,49,36,1.
218,13,14,-1.
218,14,13,-1.
218,36,50,1.
218,50,36,1.
219,14,15,-1.
219,15,14,-1.
219,36,51,1.
219,51,36,1.
220,15,16,-1.
220,16,15,-1.
220,36,52,1.
220,52,36,1.
221,14,21,-1.
221,21,14,-1.
221,36,53,1.
221,53,36,1.
222,16,21,-1.
222,21,16,-1.
222,36,54,1.
222,54,36,1.
223,21,22,-1.
223,22,21,-1.
223,36,55,1.
223,55,36,1.
224,3,4,-0.5
224,4,3,-0.5
224,37,37,1.
225,4,4,-2.
225,37,38,1.
225,38,37,1.
226,3,6,-1.
226,6,3,-1.
226,37,39,1.
226,39,37,1.
227,4,6,-1.
227,6,4,-1.
227,37,40,1.
227,40,37,1.
228,6,6,-2.
228,37,41,1.
228,41,37,1.
229,6,8,-1.
229,8,6,-1.
229,37,42,1.
229,42,37,1.
230,4,12,-1.
230,12,4,-1.
230,37,43,1.
230,43,37,1.
231,5,12,-1.
231,12,5,-1.
231,37,44,1.
231,44,37,1.
232,6,12,-1.
232,12,6,-1.
232,37,45,1.
232,45,37,1.
233,7,12,-1.
233,12,7,-1.
233,37,46,1.
233,46,37,1.
234,9,12,-1.
234,12,9,-1.
234,37,47,1.
234,47,37,1.
235,10,12,-1.
235,12,10,-1.
235,37,48,1.
235,48,37,1.
236,12,15,-1.
236,15,12,-1.
236,37,49,1.
236,49,37,1.
237,13,15,-1.
237,15,13,-1.
237,37,50,1.
237,50,37,1.
238,15,15,-2.
238,37,51,1.
238,51,37,1.
239,15,17,-1.
239,17,15,-1.
239,37,52,1.
239,52,37,1.
240,15,21,-1.
240,21,15,-1.
240,37,53,1.
240,53,37,1.
241,17,21,-1.
241,21,17,-1.
241,37,54,1.
241,54,37,1.
242,21,23,-1.
242,23,21,-1.
242,37,55,1.
242,55,37,1.
243,4,5,-0.5
243,5,4,-0.5
243,38,38,1.
244,4,6,-1.
244,6,4,-1.
244,38,39,1.
244,39,38,1.
245,5,6,-1.
245,6,5,-1.
245,38,40,1.
245,40,38,1.
246,6,7,-1.
246,7,6,-1.
246,38,41,1.
246,41,38,1.
247,7,8,-1.
247,8,7,-1.
247,38,42,1.
247,42,38,1.
248,5,12,-1.
248,12,5,-1.
248,38,43,1.
248,43,38,1.
249,5,13,-1.
249,13,5,-1.
249,38,44,1.
249,44,38,1.
250,7,12,-1.
250,12,7,-1.
250,38,45,1.
250,45,38,1.
251,7,13,-1.
251,13,7,-1.
251,38,46,1.
251,46,38,1.
252,9,13,-1.
252,13,9,-1.
252,38,47,1.
252,47,38,1.
253,10,13,-1.
253,13,10,-1.
253,38,48,1.
253,48,38,1.
254,13,15,-1.
254,15,13,-1.
254,38,49,1.
254,49,38,1.
255,14,15,-1.
255,15,14,-1.
255,38,50,1.
255,50,38,1.
256,15,16,-1.
256,16,15,-1.
256,38,51,1.
256,51,38,1.
257,16,17,-1.
257,17,16,-1.
257,38,52,1.
257,52,38,1.
258,16,21,-1.
258,21,16,-1.
258,38,53,1.
258,53,38,1.
259,18,21,-1.
259,21,18,-1.
259,38,54,1.
259,54,38,1.
260,22,23,-1.
260,23,22,-1.
260,38,55,1.
260,55,38,1.
261,3,8,-0.5
261,8,3,-0.5
261,39,39,1.
262,6,6,-2.
262,39,40,1.
262,40,39,1.
263,6,8,-1.
263,8,6,-1.
263,39,41,1.
263,41,39,1.
264,8,8,-2.
264,39,42,1.
264,42,39,1.
265,6,12,-1.
265,12,6,-1.
265,39,43,1.
265,43,39,1.
266,7,12,-1.
266,12,7,-1.
266,39,44,1.
266,44,39,1.
267,8,12,-1.
267,12,8,-1.
267,39,45,1.
267,45,39,1.
268,9,12,-1.
268,12,9,-1.
268,39,46,1.
268,46,39,1.
269,10,12,-1.
269,12,10,-1.
269,39,47,1.
269,47,39,1.
270,11,12,-1.
270,12,11,-1.
270,39,48,1.
270,48,39,1.
271,12,17,-1.
271,17,12,-1.
271,39,49,1.
271,49,39,1.
272,15,15,-2.
272,39,50,1.
272,50,39,1.
273,15,17,-1.
273,17,15,-1.
273,39,51,1.
273,51,39,1.
274,17,17,-2.
274,39,52,1.
274,52,39,1.
275,17,21,-1.
275,21,17,-1.
275,39,53,1.
275,53,39,1.
276,17,23,-1.
276,23,17,-1.
276,39,54,1.
276,54,39,1.
277,23,23,-2.
277,39,55,1.
277,55,39,1.
278,6,7,-0.5
278,7,6,-0.5
278,40,40,1.
279,7,8,-1.
279,8,7,-1.
279,40,41,1.
279,41,40,1.
280,8,9,-1.
280,9,8,-1.
280,40,42,1.
280,42,40,1.
281,7,12,-1.
281,12,7,-1.
281,40,43,1.
281,43,40,1.
282,7,13,-1.
282,13,7,-1.
282,40,44,1.
282,44,40,1.
283,9,12,-1.
283,12,9,-1.
283,40,45,1.
283,45,40,1.
284,9,13,-1.
284,13,9,-1.
284,40,46,1.
284,46,40,1.
285,10,13,-1.
285,13,10,-1.
285,40,47,1.
285,47,40,1.
286,11,13,-1.
286,13,11,-1.
286,40,48,1.
286,48,40,1.
287,15,15,-2.
287,40,49,1.
287,49,40,1.
288,15,16,-1.
288,16,15,-1.
288,40,50,1.
288,50,40,1.
289,16,17,-1.
289,17,16,-1.
289,40,51,1.
289,51,40,1.
290,17,18,-1.
290,18,17,-1.
290,40,52,1.
290,52,40,1.
291,18,21,-1.
291,21,18,-1.
291,40,53,1.
291,53,40,1.
292,19,21,-1.
292,21,19,-1.
292,40,54,1.
292,54,40,1.
293,23,24,-1.
293,24,23,-1.
293,40,55,1.
293,55,40,1.
294,8,9,-0.5
294,9,8,-0.5
294,41,41,1.
295,8,10,-1.
295,10,8,-1.
295,41,42,1.
295,42,41,1.
296,9,12,-1.
296,12,9,-1.
296,41,43,1.
296,43,41,1.
297,9,13,-1.
297,13,9,-1.
297,41,44,1.
297,44,41,1.
298,10,12,-1.
298,12,10,-1.
298,41,45,1.
298,45,41,1.
299,10,13,-1.
299,13,10,-1.
299,41,46,1.
299,46,41,1.
300,11,13,-1.
300,13,11,-1.
300,41,47,1.
300,47,41,1.
301,11,15,-1.
301,15,11,-1.
301,41,48,1.
301,48,41,1.
302,15,17,-1.
302,17,15,-1.
302,41,49,1.
302,49,41,1.
303,16,17,-1.
303,17,16,-1.
303,41,50,1.
303,50,41,1.
304,17,18,-1.
304,18,17,-1.
304,41,51,1.
304,51,41,1.
305,17,19,-1.
305,19,17,-1.
305,41,52,1.
305,52,41,1.
306,19,21,-1.
306,21,19,-1.
306,41,53,1.
306,53,41,1.
307,20,21,-1.
307,21,20,-1.
307,41,54,1.
307,54,41,1.
308,23,25,-1.
308,25,23,-1.
308,41,55,1.
308,55,41,1.
309,8,11,-0.5
309,11,8,-0.5
309,42,42,1.
310,10,12,-1.
310,12,10,-1.
310,42,43,1.
310,43,42,1.
311,10,13,-1.
311,13,10,-1.
311,42,44,1.
311,44,42,1.
312,11,12,-1.
312,12,11,-1.
312,42,45,1.
312,45,42,1.
313,11,13,-1.
313,13,11,-1.
313,42,46,1.
313,46,42,1.
314,11,15,-1.
314,15,11,-1.
314,42,47,1.
314,47,42,1.
315,11,17,-1.
315,17,11,-1.
315,42,48,1.
315,48,42,1.
316,17,17,-2.
316,42,49,1.
316,49,42,1.
317,17,18,-1.
317,18,17,-1.
317,42,50,1.
317,50,42,1.
318,17,19,-1.
318,19,17,-1.
318,42,51,1.
318,51,42,1.
319,17,20,-1.
319,20,17,-1.
319,42,52,1.
319,52,42,1.
320,20,21,-1.
320,21,20,-1.
320,42,53,1.
320,53,42,1.
321,20,23,-1.
321,23,20,-1.
321,42,54,1.
321,54,42,1.
322,23,26,-1.
322,26,23,-1.
322,42,55,1.
322,55,42,1.
323,12,13,-0.5
323,13,12,-0.5
323,43,43,1.
324,13,13,-2.
324,43,44,1.
324,44,43,1.
325,12,15,-1.
325,15,12,-1.
325,43,45,1.
325,45,43,1.
326,13,15,-1.
326,15,13,-1.
326,43,46,1.
326,46,43,1.
327,15,15,-2.
327,43,47,1.
327,47,43,1.
328,15,17,-1.
328,17,15,-1.
328,43,48,1.
328,48,43,1.
329,12,21,-1.
329,21,12,-1.
329,43,49,1.
329,49,43,1.
330,13,21,-1.
330,21,13,-1.
330,43,50,1.
330,50,43,1.
331,15,21,-1.
331,21,15,-1.
331,43,51,1.
331,51,43,1.
332,17,21,-1.
332,21,17,-1.
332,43,52,1.
332,52,43,1.
333,21,21,-2.
333,43,53,1.
333,53,43,1.
334,21,23,-1.
334,23,21,-1.
334,43,54,1.
334,54,43,1.
335,21,27,-1.
335,27,21,-1.
335,43,55,1.
335,55,43,1.
336,13,14,-0.5
336,14,13,-0.5
336,44,44,1.
337,13,15,-1.
337,15,13,-1.
337,44,45,1.
337,45,44,1.
338,14,15,-1.
338,15,14,-1.
338,44,46,1.
338,46,44,1.
339,15,16,-1.
339,16,15,-1.
339,44,47,1.
339,47,44,1.
340,16,17,-1.
340,17,16,-1.
340,44,48,1.
340,48,44,1.
341,13,21,-1.
341,21,13,-1.
341,44,49,1.
341,49,44,1.
342,14,21,-1.
342,21,14,-1.
342,44,50,1.
342,50,44,1.
343,16,21,-1.
343,21,16,-1.
343,44,51,1.
343,51,44,1.
344,18,21,-1.
344,21,18,-1.
344,44,52,1.
344,52,44,1.
345,21,22,-1.
345,22,21,-1.
345,44,53,1.
345,53,44,1.
346,22,23,-1.
346,23,22,-1.
346,44,54,1.
346,54,44,1.
347,22,27,-1.
347,27,22,-1.
347,44,55,1.
347,55,44,1.
348,12,17,-0.5
348,17,12,-0.5
348,45,45,1.
349,15,15,-2.
349,45,46,1.
349,46,45,1.
350,15,17,-1.
350,17,15,-1.
350,45,47,1.
350,47,45,1.
351,17,17,-2.
351,45,48,1.
351,48,45,1.
352,12,23,-1.
352,23,12,-1.
352,45,49,1.
352,49,45,1.
353,15,21,-1.
353,21,15,-1.
353,45,50,1.
353,50,45,1.
354,17,21,-1.
354,21,17,-1.
354,45,51,1.
354,51,45,1.
355,17,23,-1.
355,23,17,-1.
355,45,52,1.
355,52,45,1.
356,21,23,-1.
356,23,21,-1.
356,45,53,1.
356,53,45,1.
357,23,23,-2.
357,45,54,1.
357,54,45,1.
358,23,27,-1.
358,27,23,-1.
358,45,55,1.
358,55,45,1.
359,15,16,-0.5
359,16,15,-0.5
359,46,46,1.
360,16,17,-1.
360,17,16,-1.
360,46,47,1.
360,47,46,1.
361,17,18,-1.
361,18,17,-1.
361,46,48,1.
361,48,46,1.
362,15,21,-1.
362,21,15,-1.
362,46,49,1.
362,49,46,1.
363,16,21,-1.
363,21,16,-1.
363,46,50,1.
363,50,46,1.
364,18,21,-1.
364,21,18,-1.
364,46,51,1.
364,51,46,1.
365,19,21,-1.
365,21,19,-1.
365,46,52,1.
365,52,46,1.
366,22,23,-1.
366,23,22,-1.
366,46,53,1.
366,53,46,1.
367,23,24,-1.
367,24,23,-1.
367,46,54,1.
367,54,46,1.
368,24,27,-1.
368,27,24,-1.
368,46,55,1.
368,55,46,1.
369,17,18,-0.5
369,18,17,-0.5
369,47,47,1.
370,17,19,-1.
370,19,17,-1.
370,47,48,1.
370,48,47,1.
371,17,21,-1.
371,21,17,-1.
371,47,49,1.
371,49,47,1.
372,18,21,-1.
372,21,18,-1.
372,47,50,1.
372,50,47,1.
373,19,21,-1.
373,21,19,-1.
373,47,51,1.
373,51,47,1.
374,20,21,-1.
374,21,20,-1.
374,47,52,1.
374,52,47,1.
375,23,24,-1.
375,24,23,-1.
375,47,53,1.
375,53,47,1.
376,23,25,-1.
376,25,23,-1.
376,47,54,1.
376,54,47,1.
377,25,27,-1.
377,27,25,-1.
377,47,55,1.
377,55,47,1.
378,17,20,-0.5
378,20,17,-0.5
378,48,48,1.
379,17,23,-1.
379,23,17,-1.
379,48,49,1.
379,49,48,1.
380,19,21,-1.
380,21,19,-1.
380,48,50,1.
380,50,48,1.
381,20,21,-1.
381,21,20,-1.
381,48,51,1.
381,51,48,1.
382,20,23,-1.
382,23,20,-1.
382,48,52,1.
382,52,48,1.
383,23,25,-1.
383,25,23,-1.
383,48,53,1.
383,53,48,1.
384,23,26,-1.
384,26,23,-1.
384,48,54,1.
384,54,48,1.
385,26,27,-1.
385,27,26,-1.
385,48,55,1.
385,55,48,1.
386,12,27,-0.5
386,27,12,-0.5
386,49,49,1.
387,21,21,-2.
387,49,50,1.
387,50,49,1.
388,21,23,-1.
388,23,21,-1.
388,49,51,1.
388,51,49,1.
389,23,23,-2.
389,49,52,1.
389,52,49,1.
390,21,27,-1.
390,27,21,-1.
390,49,53,1.
390,53,49,1.
391,23,27,-1.
391,27,23,-1.
391,49,54,1.
391,54,49,1.
392,27,27,-2.
392,49,55,1.
392,55,49,1.
393,21,22,-0.5
393,22,21,-0.5
393,50,50,1.
394,22,23,-1.
394,23,22,-1.
394,50,51,1.
394,51,50,1.
395,23,24,-1.
395,24,23,-1.
395,50,52,1.
395,52,50,1.
396,22,27,-1.
396,27,22,-1.
396,50,53,1.
396,53,50,1.
397,24,27,-1.
397,27,24,-1.
397,50,54,1.
397,54,50,1.
398,27,28,-1.
398,28,27,-1.
398,50,55,1.
398,55,50,1.
399,23,24,-0.5
399,24,23,-0.5
399,51,51,1.
400,23,25,-1.
400,25,23,-1.
400,51,52,1.
400,52,51,1.
401,24,27,-1.
401,27,24,-1.
401,51,53,1.
401,53,51,1.
402,25,27,-1.
402,27,25,-1.
402,51,54,1.
402,54,51,1.
403,27,29,-1.
403,29,27,-1.
403,51,55,1.
403,55,51,1.
404,23,26,-0.5
404,26,23,-0.5
404,52,52,1.
405,25,27,-1.
405,27,25,-1.
405,52,53,1.
405,53,52,1.
406,26,27,-1.
406,27,26,-1.
406,52,54,1.
406,54,52,1.
407,27,30,-1.
407,30,27,-1.
407,52,55,1.
407,55,52,1.
408,27,28,-0.5
408,28,27,-0.5
408,53,53,1.
409,27,29,-1.
409,29,27,-1.
409,53,54,1.
409,54,53,1.
410,27,31,-1.
410,31,27,-1.
410,53,55,1.
410,55,53,1.
411,27,30,-0.5
411,30,27,-0.5
411,54,54,1.
412,27,32,-1.
412,32,27,-1.
412,54,55,1.
412,55,54,1.
413,27,33,-0.5
413,33,27,-0.5
413,55,55,1.
414,0,2,1.
414,1,1,-2.
414,2,0,1.
415,0,4,1.
415,1,3,-1.
415,3,1,-1.
415,4,0,1.
416,0,5,1.
416,2,3,-1.
416,3,2,-1.
416,5,0,1.
417,0,6,1.
417,3,4,-1.
417,4,3,-1.
417,6,0,1.
418,0,7,1.
418,4,4,-2.
418,7,0,1.
419,0,8,1.
419,3,6,-1.
419,6,3,-1.
419,8,0,1.
420,0,9,1.
420,4,6,-1.
420,6,4,-1.
420,9,0,1.
421,0,10,1.
421,6,6,-2.
421,10,0,1.
422,0,11,1.
422,6,8,-1.
422,8,6,-1.
422,11,0,1.
423,0,13,1.
423,1,12,-1.
423,12,1,-1.
423,13,0,1.
424,0,14,1.
424,2,12,-1.
424,12,2,-1.
424,14,0,1.
425,0,15,1.
425,4,12,-1.
425,12,4,-1.
425,15,0,1.
426,0,16,1.
426,5,12,-1.
426,12,5,-1.
426,16,0,1.
427,0,17,1.
427,6,12,-1.
427,12,6,-1.
427,17,0,1.
428,0,18,1.
428,7,12,-1.
428,12,7,-1.
428,18,0,1.
429,0,19,1.
429,9,12,-1.
429,12,9,-1.
429,19,0,1.
430,0,20,1.
430,10,12,-1.
430,12,10,-1.
430,20,0,1.
431,0,21,1.
431,12,13,-1.
431,13,12,-1.
431,21,0,1.
432,0,22,1.
432,13,13,-2.
432,22,0,1.
433,0,23,1.
433,12,15,-1.
433,15,12,-1.
433,23,0,1.
434,0,24,1.
434,13,15,-1.
434,15,13,-1.
434,24,0,1.
435,0,25,1.
435,15,15,-2.
435,25,0,1.
436,0,26,1.
436,15,17,-1.
436,17,15,-1.
436,26,0,1.
437,0,27,1.
437,12,21,-1.
437,21,12,-1.
437,27,0,1.
438,0,28,1.
438,13,21,-1.
438,21,13,-1.
438,28,0,1.
439,0,29,1.
439,15,21,-1.
439,21,15,-1.
439,29,0,1.
440,0,30,1.
440,17,21,-1.
440,21,17,-1.
440,30,0,1.
441,0,31,1.
441,21,21,-2.
441,31,0,1.
442,0,32,1.
442,21,23,-1.
442,23,21,-1.
442,32,0,1.
443,0,33,1.
443,21,27,-1.
443,27,21,-1.
443,33,0,1.
444,1,4,1.
444,2,3,-1.
444,3,2,-1.
444,4,1,1.
445,1,5,1.
445,2,4,-1.
445,4,2,-1.
445,5,1,1.
446,1,6,1.
446,4,4,-2.
446,6,1,1.
447,1,7,1.
447,4,5,-1.
447,5,4,-1.
447,7,1,1.
448,1,8,1.
448,4,6,-1.
448,6,4,-1.
448,8,1,1.
449,1,9,1.
449,5,6,-1.
449,6,5,-1.
449,9,1,1.
450,1,10,1.
450,6,7,-1.
450,7,6,-1.
450,10,1,1.
451,1,11,1.
451,7,8,-1.
451,8,7,-1.
451,11,1,1.
452,1,13,1.
452,2,12,-1.
452,12,2,-1.
452,13,1,1.
453,1,14,1.
453,2,13,-1.
453,13,2,-1.
453,14,1,1.
454,1,15,1.
454,5,12,-1.
454,12,5,-1.
454,15,1,1.
455,1,16,1.
455,5,13,-1.
455,13,5,-1.
455,16,1,1.
456,1,17,1.
456,7,12,-1.
456,12,7,-1.
456,17,1,1.
457,1,18,1.
457,7,13,-1.
457,13,7,-1.
457,18,1,1.
458,1,19,1.
458,9,13,-1.
458,13,9,-1.
458,19,1,1.
459,1,20,1.
459,10,13,-1.
459,13,10,-1.
459,20,1,1.
460,1,21,1.
460,13,13,-2.
460,21,1,1.
461,1,22,1.
461,13,14,-1.
461,14,13,-1.
461,22,1,1.
462,1,23,1.
462,13,15,-1.
462,15,13,-1.
462,23,1,1.
463,1,24,1.
463,14,15,-1.
463,15,14,-1.
463,24,1,1.
464,1,25,1.
464,15,16,-1.
464,16,15,-1.
464,25,1,1.
465,1,26,1.
465,16,17,-1.
465,17,16,-1.
465,26,1,1.
466,1,27,1.
466,13,21,-1.
466,21,13,-1.
466,27,1,1.
467,1,28,1.
467,14,21,-1.
467,21,14,-1.
467,28,1,1.
468,1,29,1.
468,16,21,-1.
468,21,16,-1.
468,29,1,1.
469,1,30,1.
469,18,21,-1.
469,21,18,-1.
469,30,1,1.
470,1,31,1.
470,21,22,-1.
470,22,21,-1.
470,31,1,1.
471,1,32,1.
471,22,23,-1.
471,23,22,-1.
471,32,1,1.
472,1,33,1.
472,22,27,-1.
472,27,22,-1.
472,33,1,1.
473,2,6,1.
473,4,5,-1.
473,5,4,-1.
473,6,2,1.
474,2,7,1.
474,5,5,-2.
474,7,2,1.
475,2,8,1.
475,5,6,-1.
475,6,5,-1.
475,8,2,1.
476,2,9,1.
476,5,7,-1.
476,7,5,-1.
476,9,2,1.
477,2,10,1.
477,7,7,-2.
477,10,2,1.
478,2,11,1.
478,7,9,-1.
478,9,7,-1.
478,11,2,1.
479,2,15,1.
479,5,13,-1.
479,13,5,-1.
479,15,2,1.
480,2,16,1.
480,5,14,-1.
480,14,5,-1.
480,16,2,1.
481,2,17,1.
481,7,13,-1.
481,13,7,-1.
481,17,2,1.
482,2,18,1.
482,7,14,-1.
482,14,7,-1.
482,18,2,1.
483,2,19,1.
483,9,14,-1.
483,14,9,-1.
483,19,2,1.
484,2,20,1.
484,10,14,-1.
484,14,10,-1.
484,20,2,1.
485,2,21,1.
485,13,14,-1.
485,14,13,-1.
485,21,2,1.
486,2,22,1.
486,14,14,-2.
486,22,2,1.
487,2,23,1.
487,14,15,-1.
487,15,14,-1.
487,23,2,1.
488,2,24,1.
488,14,16,-1.
488,16,14,-1.
488,24,2,1.
489,2,25,1.
489,16,16,-2.
489,25,2,1.
490,2,26,1.
490,16,18,-1.
490,18,16,-1.
490,26,2,1.
491,2,27,1.
491,14,21,-1.
491,21,14,-1.
491,27,2,1.
492,2,28,1.
492,14,22,-1.
492,22,14,-1.
492,28,2,1.
493,2,29,1.
493,16,22,-1.
493,22,16,-1.
493,29,2,1.
494,2,30,1.
494,18,22,-1.
494,22,18,-1.
494,30,2,1.
495,2,31,1.
495,22,22,-2.
495,31,2,1.
496,2,32,1.
496,22,24,-1.
496,24,22,-1.
496,32,2,1.
497,2,33,1.
497,22,28,-1.
497,28,22,-1.
497,33,2,1.
498,3,5,1.
498,4,4,-2.
498,5,3,1.
499,3,7,1.
499,4,6,-1.
499,6,4,-1.
499,7,3,1.
500,3,9,1.
500,6,6,-2.
500,9,3,1.
501,3,10,1.
501,6,8,-1.
501,8,6,-1.
501,10,3,1.
502,3,11,1.
502,8,8,-2.
502,11,3,1.
503,3,13,1.
503,4,12,-1.
503,12,4,-1.
503,13,3,1.
504,3,14,1.
504,5,12,-1.
504,12,5,-1.
504,14,3,1.
505,3,15,1.
505,6,12,-1.
505,12,6,-1.
505,15,3,1.
506,3,16,1.
506,7,12,-1.
506,12,7,-1.
506,16,3,1.
507,3,17,1.
507,8,12,-1.
507,12,8,-1.
507,17,3,1.
508,3,18,1.
508,9,12,-1.
508,12,9,-1.
508,18,3,1.
509,3,19,1.
509,10,12,-1.
509,12,10,-1.
509,19,3,1.
510,3,20,1.
510,11,12,-1.
510,12,11,-1.
510,20,3,1.
511,3,21,1.
511,12,15,-1.
511,15,12,-1.
511,21,3,1.
512,3,22,1.
512,13,15,-1.
512,15,13,-1.
512,22,3,1.
513,3,23,1.
513,12,17,-1.
513,17,12,-1.
513,23,3,1.
514,3,24,1.
514,15,15,-2.
514,24,3,1.
515,3,25,1.
515,15,17,-1.
515,17,15,-1.
515,25,3,1.
516,3,26,1.
516,17,17,-2.
516,26,3,1.
517,3,27,1.
517,12,23,-1.
517,23,12,-1.
517,27,3,1.
518,3,28,1.
518,15,21,-1.
518,21,15,-1.
518,28,3,1.
519,3,29,1.
519,17,21,-1.
519,21,17,-1.
519,29,3,1.
520,3,30,1.
520,17,23,-1.
520,23,17,-1.
520,30,3,1.
521,3,31,1.
521,21,23,-1.
521,23,21,-1.
521,31,3,1.
522,3,32,1.
522,23,23,-2.
522,32,3,1.
523,3,33,1.
523,23,27,-1.
523,27,23,-1.
523,33,3,1.
524,4,7,1.
524,5,6,-1.
524,6,5,-1.
524,7,4,1.
525,4,8,1.
525,6,6,-2.
525,8,4,1.
526,4,9,1.
526,6,7,-1.
526,7,6,-1.
526,9,4,1.
527,4,10,1.
527,7,8,-1.
527,8,7,-1.
527,10,4,1.
528,4,11,1.
528,8,9,-1.
528,9,8,-1.
528,11,4,1.
529,4,13,1.
529,5,12,-1.
529,12,5,-1.
529,13,4,1.
530,4,14,1.
530,5,13,-1.
530,13,5,-1.
530,14,4,1.
531,4,15,1.
531,7,12,-1.
531,12,7,-1.
531,15,4,1.
532,4,16,1.
532,7,13,-1.
532,13,7,-1.
532,16,4,1.
533,4,17,1.
533,9,12,-1.
533,12,9,-1.
533,17,4,1.
534,4,18,1.
534,9,13,-1.
534,13,9,-1.
534,18,4,1.
535,4,19,1.
535,10,13,-1.
535,13,10,-1.
535,19,4,1.
536,4,20,1.
536,11,13,-1.
536,13,11,-1.
536,20,4,1.
537,4,21,1.
537,13,15,-1.
537,15,13,-1.
537,21,4,1.
538,4,22,1.
538,14,15,-1.
538,15,14,-1.
538,22,4,1.
539,4,23,1.
539,15,15,-2.
539,23,4,1.
540,4,24,1.
540,15,16,-1.
540,16,15,-1.
540,24,4,1.
541,4,25,1.
541,16,17,-1.
541,17,16,-1.
541,25,4,1.
542,4,26,1.
542,17,18,-1.
542,18,17,-1.
542,26,4,1.
543,4,27,1.
543,15,21,-1.
543,21,15,-1.
543,27,4,1.
544,4,28,1.
544,16,21,-1.
544,21,16,-1.
544,28,4,1.
545,4,29,1.
545,18,21,-1.
545,21,18,-1.
545,29,4,1.
546,4,30,1.
546,19,21,-1.
546,21,19,-1.
546,30,4,1.
547,4,31,1.
547,22,23,-1.
547,23,22,-1.
547,31,4,1.
548,4,32,1.
548,23,24,-1.
548,24,23,-1.
548,32,4,1.
549,4,33,1.
549,24,27,-1.
549,27,24,-1.
549,33,4,1.
550,5,8,1.
550,6,7,-1.
550,7,6,-1.
550,8,5,1.
551,5,9,1.
551,7,7,-2.
551,9,5,1.
552,5,10,1.
552,7,9,-1.
552,9,7,-1.
552,10,5,1.
553,5,11,1.
553,9,9,-2.
553,11,5,1.
554,5,15,1.
554,7,13,-1.
554,13,7,-1.
554,15,5,1.
555,5,16,1.
555,7,14,-1.
555,14,7,-1.
555,16,5,1.
556,5,17,1.
556,9,13,-1.
556,13,9,-1.
556,17,5,1.
557,5,18,1.
557,9,14,-1.
557,14,9,-1.
557,18,5,1.
558,5,19,1.
558,10,14,-1.
558,14,10,-1.
558,19,5,1.
559,5,20,1.
559,11,14,-1.
559,14,11,-1.
559,20,5,1.
560,5,21,1.
560,14,15,-1.
560,15,14,-1.
560,21,5,1.
561,5,22,1.
561,14,16,-1.
561,16,14,-1.
561,22,5,1.
562,5,23,1.
562,15,16,-1.
562,16,15,-1.
562,23,5,1.
563,5,24,1.
563,16,16,-2.
563,24,5,1.
564,5,25,1.
564,16,18,-1.
564,18,16,-1.
564,25,5,1.
565,5,26,1.
565,18,18,-2.
565,26,5,1.
566,5,27,1.
566,16,21,-1.
566,21,16,-1.
566,27,5,1.
567,5,28,1.
567,16,22,-1.
567,22,16,-1.
567,28,5,1.
568,5,29,1.
568,18,22,-1.
568,22,18,-1.
568,29,5,1.
569,5,30,1.
569,19,22,-1.
569,22,19,-1.
569,30,5,1.
570,5,31,1.
570,22,24,-1.
570,24,22,-1.
570,31,5,1.
571,5,32,1.
571,24,24,-2.
571,32,5,1.
572,5,33,1.
572,24,28,-1.
572,28,24,-1.
572,33,5,1.
573,6,9,1.
573,7,8,-1.
573,8,7,-1.
573,9,6,1.
574,6,10,1.
574,8,9,-1.
574,9,8,-1.
574,10,6,1.
575,6,11,1.
575,8,10,-1.
575,10,8,-1.
575,11,6,1.
576,6,13,1.
576,7,12,-1.
576,12,7,-1.
576,13,6,1.
577,6,14,1.
577,7,13,-1.
577,13,7,-1.
577,14,6,1.
578,6,15,1.
578,9,12,-1.
578,12,9,-1.
578,15,6,1.
579,6,16,1.
579,9,13,-1.
579,13,9,-1.
579,16,6,1.
580,6,17,1.
580,10,12,-1.
580,12,10,-1.
580,17,6,1.
581,6,18,1.
581,10,13,-1.
581,13,10,-1.
581,18,6,1.
582,6,19,1.
582,11,13,-1.
582,13,11,-1.
582,19,6,1.
583,6,20,1.
583,11,15,-1.
583,15,11,-1.
583,20,6,1.
584,6,21,1.
584,15,15,-2.
584,21,6,1.
585,6,22,1.
585,15,16,-1.
585,16,15,-1.
585,22,6,1.
586,6,23,1.
586,15,17,-1.
586,17,15,-1.
586,23,6,1.
587,6,24,1.
587,16,17,-1.
587,17,16,-1.
587,24,6,1.
588,6,25,1.
588,17,18,-1.
588,18,17,-1.
588,25,6,1.
589,6,26,1.
589,17,19,-1.
589,19,17,-1.
589,26,6,1.
590,6,27,1.
590,17,21,-1.
590,21,17,-1.
590,27,6,1.
591,6,28,1.
591,18,21,-1.
591,21,18,-1.
591,28,6,1.
592,6,29,1.
592,19,21,-1.
592,21,19,-1.
592,29,6,1.
593,6,30,1.
593,20,21,-1.
593,21,20,-1.
593,30,6,1.
594,6,31,1.
594,23,24,-1.
594,24,23,-1.
594,31,6,1.
595,6,32,1.
595,23,25,-1.
595,25,23,-1.
595,32,6,1.
596,6,33,1.
596,25,27,-1.
596,27,25,-1.
596,33,6,1.
597,7,10,1.
597,9,9,-2.
597,10,7,1.
598,7,11,1.
598,9,10,-1.
598,10,9,-1.
598,11,7,1.
599,7,15,1.
599,9,13,-1.
599,13,9,-1.
599,15,7,1.
600,7,16,1.
600,9,14,-1.
600,14,9,-1.
600,16,7,1.
601,7,17,1.
601,10,13,-1.
601,13,10,-1.
601,17,7,1.
602,7,18,1.
602,10,14,-1.
602,14,10,-1.
602,18,7,1.
603,7,19,1.
603,11,14,-1.
603,14,11,-1.
603,19,7,1.
604,7,20,1.
604,11,16,-1.
604,16,11,-1.
604,20,7,1.
605,7,21,1.
605,15,16,-1.
605,16,15,-1.
605,21,7,1.
606,7,22,1.
606,16,16,-2.
606,22,7,1.
607,7,23,1.
607,16,17,-1.
607,17,16,-1.
607,23,7,1.
608,7,24,1.
608,16,18,-1.
608,18,16,-1.
608,24,7,1.
609,7,25,1.
609,18,18,-2.
609,25,7,1.
610,7,26,1.
610,18,19,-1.
610,19,18,-1.
610,26,7,1.
611,7,27,1.
611,18,21,-1.
611,21,18,-1.
611,27,7,1.
612,7,28,1.
612,18,22,-1.
612,22,18,-1.
612,28,7,1.
613,7,29,1.
613,19,22,-1.
613,22,19,-1.
613,29,7,1.
614,7,30,1.
614,20,22,-1.
614,22,20,-1.
614,30,7,1.
615,7,31,1.
615,24,24,-2.
615,31,7,1.
616,7,32,1.
616,24,25,-1.
616,25,24,-1.
616,32,7,1.
617,7,33,1.
617,25,28,-1.
617,28,25,-1.
617,33,7,1.
618,8,13,1.
618,9,12,-1.
618,12,9,-1.
618,13,8,1.
619,8,14,1.
619,9,13,-1.
619,13,9,-1.
619,14,8,1.
620,8,15,1.
620,10,12,-1.
620,12,10,-1.
620,15,8,1.
621,8,16,1.
621,10,13,-1.
621,13,10,-1.
621,16,8,1.
622,8,17,1.
622,11,12,-1.
622,12,11,-1.
622,17,8,1.
623,8,18,1.
623,11,13,-1.
623,13,11,-1.
623,18,8,1.
624,8,19,1.
624,11,15,-1.
624,15,11,-1.
624,19,8,1.
625,8,20,1.
625,11,17,-1.
625,17,11,-1.
625,20,8,1.
626,8,21,1.
626,15,17,-1.
626,17,15,-1.
626,21,8,1.
627,8,22,1.
627,16,17,-1.
627,17,16,-1.
627,22,8,1.
628,8,23,1.
628,17,17,-2.
628,23,8,1.
629,8,24,1.
629,17,18,-1.
629,18,17,-1.
629,24,8,1.
630,8,25,1.
630,17,19,-1.
630,19,17,-1.
630,25,8,1.
631,8,26,1.
631,17,20,-1.
631,20,17,-1.
631,26,8,1.
632,8,27,1.
632,17,23,-1.
632,23,17,-1.
632,27,8,1.
633,8,28,1.
633,19,21,-1.
633,21,19,-1.
633,28,8,1.
634,8,29,1.
634,20,21,-1.
634,21,20,-1.
634,29,8,1.
635,8,30,1.
635,20,23,-1.
635,23,20,-1.
635,30,8,1.
636,8,31,1.
636,23,25,-1.
636,25,23,-1.
636,31,8,1.
637,8,32,1.
637,23,26,-1.
637,26,23,-1.
637,32,8,1.
638,8,33,1.
638,26,27,-1.
638,27,26,-1.
638,33,8,1.
639,9,11,1.
639,10,10,-2.
639,11,9,1.
640,9,15,1.
640,10,13,-1.
640,13,10,-1.
640,15,9,1.
641,9,16,1.
641,10,14,-1.
641,14,10,-1.
641,16,9,1.
642,9,17,1.
642,11,13,-1.
642,13,11,-1.
642,17,9,1.
643,9,18,1.
643,11,14,-1.
643,14,11,-1.
643,18,9,1.
644,9,19,1.
644,11,16,-1.
644,16,11,-1.
644,19,9,1.
645,9,20,1.
645,11,18,-1.
645,18,11,-1.
645,20,9,1.
646,9,21,1.
646,16,17,-1.
646,17,16,-1.
646,21,9,1.
647,9,22,1.
647,16,18,-1.
647,18,16,-1.
647,22,9,1.
648,9,23,1.
648,17,18,-1.
648,18,17,-1.
648,23,9,1.
649,9,24,1.
649,18,18,-2.
649,24,9,1.
650,9,25,1.
650,18,19,-1.
650,19,18,-1.
650,25,9,1.
651,9,26,1.
651,19,19,-2.
651,26,9,1.
652,9,27,1.
652,19,21,-1.
652,21,19,-1.
652,27,9,1.
653,9,28,1.
653,19,22,-1.
653,22,19,-1.
653,28,9,1.
654,9,29,1.
654,20,22,-1.
654,22,20,-1.
654,29,9,1.
655,9,30,1.
655,20,24,-1.
655,24,20,-1.
655,30,9,1.
656,9,31,1.
656,24,25,-1.
656,25,24,-1.
656,31,9,1.
657,9,32,1.
657,25,25,-2.
657,32,9,1.
658,9,33,1.
658,26,28,-1.
658,28,26,-1.
658,33,9,1.
659,10,15,1.
659,11,13,-1.
659,13,11,-1.
659,15,10,1.
660,10,16,1.
660,11,14,-1.
660,14,11,-1.
660,16,10,1.
661,10,17,1.
661,11,15,-1.
661,15,11,-1.
661,17,10,1.
662,10,18,1.
662,11,16,-1.
662,16,11,-1.
662,18,10,1.
663,10,19,1.
663,11,18,-1.
663,18,11,-1.
663,19,10,1.
664,10,20,1.
664,11,19,-1.
664,19,11,-1.
664,20,10,1.
665,10,21,1.
665,17,18,-1.
665,18,17,-1.
665,21,10,1.
666,10,22,1.
666,18,18,-2.
666,22,10,1.
667,10,23,1.
667,17,19,-1.
667,19,17,-1.
667,23,10,1.
668,10,24,1.
668,18,19,-1.
668,19,18,-1.
668,24,10,1.
669,10,25,1.
669,19,19,-2.
669,25,10,1.
670,10,26,1.
670,19,20,-1.
670,20,19,-1.
670,26,10,1.
671,10,27,1.
671,20,21,-1.
671,21,20,-1.
671,27,10,1.
672,10,28,1.
672,20,22,-1.
672,22,20,-1.
672,28,10,1.
673,10,29,1.
673,20,24,-1.
673,24,20,-1.
673,29,10,1.
674,10,30,1.
674,20,25,-1.
674,25,20,-1.
674,30,10,1.
675,10,31,1.
675,25,25,-2.
675,31,10,1.
676,10,32,1.
676,25,26,-1.
676,26,25,-1.
676,32,10,1.
677,10,33,1.
677,26,29,-1.
677,29,26,-1.
677,33,10,1.
678,11,21,1.
678,17,19,-1.
678,19,17,-1.
678,21,11,1.
679,11,22,1.
679,18,19,-1.
679,19,18,-1.
679,22,11,1.
680,11,23,1.
680,17,20,-1.
680,20,17,-1.
680,23,11,1.
681,11,24,1.
681,19,19,-2.
681,24,11,1.
682,11,25,1.
682,19,20,-1.
682,20,19,-1.
682,25,11,1.
683,11,26,1.
683,20,20,-2.
683,26,11,1.
684,11,27,1.
684,20,23,-1.
684,23,20,-1.
684,27,11,1.
685,11,28,1.
685,20,24,-1.
685,24,20,-1.
685,28,11,1.
686,11,29,1.
686,20,25,-1.
686,25,20,-1.
686,29,11,1.
687,11,30,1.
687,20,26,-1.
687,26,20,-1.
687,30,11,1.
688,11,31,1.
688,25,26,-1.
688,26,25,-1.
688,31,11,1.
689,11,32,1.
689,26,26,-2.
689,32,11,1.
690,11,33,1.
690,26,30,-1.
690,30,26,-1.
690,33,11,1.
691,12,14,1.
691,13,13,-2.
691,14,12,1.
692,12,16,1.
692,13,15,-1.
692,15,13,-1.
692,16,12,1.
693,12,18,1.
693,15,15,-2.
693,18,12,1.
694,12,19,1.
694,15,17,-1.
694,17,15,-1.
694,19,12,1.
695,12,20,1.
695,17,17,-2.
695,20,12,1.
696,12,22,1.
696,13,21,-1.
696,21,13,-1.
696,22,12,1.
697,12,24,1.
697,15,21,-1.
697,21,15,-1.
697,24,12,1.
698,12,25,1.
698,17,21,-1.
698,21,17,-1.
698,25,12,1.
699,12,26,1.
699,17,23,-1.
699,23,17,-1.
699,26,12,1.
700,12,28,1.
700,21,21,-2.
700,28,12,1.
701,12,29,1.
701,21,23,-1.
701,23,21,-1.
701,29,12,1.
702,12,30,1.
702,23,23,-2.
702,30,12,1.
703,12,31,1.
703,21,27,-1.
703,27,21,-1.
703,31,12,1.
704,12,32,1.
704,23,27,-1.
704,27,23,-1.
704,32,12,1.
705,12,33,1.
705,27,27,-2.
705,33,12,1.
706,13,16,1.
706,14,15,-1.
706,15,14,-1.
706,16,13,1.
707,13,17,1.
707,15,15,-2.
707,17,13,1.
708,13,18,1.
708,15,16,-1.
708,16,15,-1.
708,18,13,1.
709,13,19,1.
709,16,17,-1.
709,17,16,-1.
709,19,13,1.
710,13,20,1.
710,17,18,-1.
710,18,17,-1.
710,20,13,1.
711,13,22,1.
711,14,21,-1.
711,21,14,-1.
711,22,13,1.
712,13,23,1.
712,15,21,-1.
712,21,15,-1.
712,23,13,1.
713,13,24,1.
713,16,21,-1.
713,21,16,-1.
713,24,13,1.
714,13,25,1.
714,18,21,-1.
714,21,18,-1.
714,25,13,1.
715,13,26,1.
715,19,21,-1.
715,21,19,-1.
715,26,13,1.
716,13,27,1.
716,21,21,-2.
716,27,13,1.
717,13,28,1.
717,21,22,-1.
717,22,21,-1.
717,28,13,1.
718,13,29,1.
718,22,23,-1.
718,23,22,-1.
718,29,13,1.
719,13,30,1.
719,23,24,-1.
719,24,23,-1.
719,30,13,1.
720,13,31,1.
720,22,27,-1.
720,27,22,-1.
720,31,13,1.
721,13,32,1.
721,24,27,-1.
721,27,24,-1.
721,32,13,1.
722,13,33,1.
722,27,28,-1.
722,28,27,-1.
722,33,13,1.
723,14,17,1.
723,15,16,-1.
723,16,15,-1.
723,17,14,1.
724,14,18,1.
724,16,16,-2.
724,18,14,1.
725,14,19,1.
725,16,18,-1.
725,18,16,-1.
725,19,14,1.
726,14,20,1.
726,18,18,-2.
726,20,14,1.
727,14,23,1.
727,16,21,-1.
727,21,16,-1.
727,23,14,1.
728,14,24,1.
728,16,22,-1.
728,22,16,-1.
728,24,14,1.
729,14,25,1.
729,18,22,-1.
729,22,18,-1.
729,25,14,1.
730,14,26,1.
730,19,22,-1.
730,22,19,-1.
730,26,14,1.
731,14,27,1.
731,21,22,-1.
731,22,21,-1.
731,27,14,1.
732,14,28,1.
732,22,22,-2.
732,28,14,1.
733,14,29,1.
733,22,24,-1.
733,24,22,-1.
733,29,14,1.
734,14,30,1.
734,24,24,-2.
734,30,14,1.
735,14,31,1.
735,22,28,-1.
735,28,22,-1.
735,31,14,1.
736,14,32,1.
736,24,28,-1.
736,28,24,-1.
736,32,14,1.
737,14,33,1.
737,28,28,-2.
737,33,14,1.
738,15,18,1.
738,16,17,-1.
738,17,16,-1.
738,18,15,1.
739,15,19,1.
739,17,18,-1.
739,18,17,-1.
739,19,15,1.
740,15,20,1.
740,17,19,-1.
740,19,17,-1.
740,20,15,1.
741,15,22,1.
741,16,21,-1.
741,21,16,-1.
741,22,15,1.
742,15,23,1.
742,17,21,-1.
742,21,17,-1.
742,23,15,1.
743,15,24,1.
743,18,21,-1.
743,21,18,-1.
743,24,15,1.
744,15,25,1.
744,19,21,-1.
744,21,19,-1.
744,25,15,1.
745,15,26,1.
745,20,21,-1.
745,21,20,-1.
745,26,15,1.
746,15,27,1.
746,21,23,-1.
746,23,21,-1.
746,27,15,1.
747,15,28,1.
747,22,23,-1.
747,23,22,-1.
747,28,15,1.
748,15,29,1.
748,23,24,-1.
748,24,23,-1.
748,29,15,1.
749,15,30,1.
749,23,25,-1.
749,25,23,-1.
749,30,15,1.
750,15,31,1.
750,24,27,-1.
750,27,24,-1.
750,31,15,1.
751,15,32,1.
751,25,27,-1.
751,27,25,-1.
751,32,15,1.
752,15,33,1.
752,27,29,-1.
752,29,27,-1.
752,33,15,1.
753,16,19,1.
753,18,18,-2.
753,19,16,1.
754,16,20,1.
754,18,19,-1.
754,19,18,-1.
754,20,16,1.
755,16,23,1.
755,18,21,-1.
755,21,18,-1.
755,23,16,1.
756,16,24,1.
756,18,22,-1.
756,22,18,-1.
756,24,16,1.
757,16,25,1.
757,19,22,-1.
757,22,19,-1.
757,25,16,1.
758,16,26,1.
758,20,22,-1.
758,22,20,-1.
758,26,16,1.
759,16,27,1.
759,22,23,-1.
759,23,22,-1.
759,27,16,1.
760,16,28,1.
760,22,24,-1.
760,24,22,-1.
760,28,16,1.
761,16,29,1.
761,24,24,-2.
761,29,16,1.
762,16,30,1.
762,24,25,-1.
762,25,24,-1.
762,30,16,1.
763,16,31,1.
763,24,28,-1.
763,28,24,-1.
763,31,16,1.
764,16,32,1.
764,25,28,-1.
764,28,25,-1.
764,32,16,1.
765,16,33,1.
765,28,29,-1.
765,29,28,-1.
765,33,16,1.
766,17,22,1.
766,18,21,-1.
766,21,18,-1.
766,22,17,1.
767,17,24,1.
767,19,21,-1.
767,21,19,-1.
767,24,17,1.
768,17,25,1.
768,20,21,-1.
768,21,20,-1.
768,25,17,1.
769,17,26,1.
769,20,23,-1.
769,23,20,-1.
769,26,17,1.
770,17,27,1.
770,23,23,-2.
770,27,17,1.
771,17,28,1.
771,23,24,-1.
771,24,23,-1.
771,28,17,1.
772,17,29,1.
772,23,25,-1.
772,25,23,-1.
772,29,17,1.
773,17,30,1.
773,23,26,-1.
773,26,23,-1.
773,30,17,1.
774,17,31,1.
774,25,27,-1.
774,27,25,-1.
774,31,17,1.
775,17,32,1.
775,26,27,-1.
775,27,26,-1.
775,32,17,1.
776,17,33,1.
776,27,30,-1.
776,30,27,-1.
776,33,17,1.
777,18,20,1.
777,19,19,-2.
777,20,18,1.
778,18,23,1.
778,19,21,-1.
778,21,19,-1.
778,23,18,1.
779,18,24,1.
779,19,22,-1.
779,22,19,-1.
779,24,18,1.
780,18,25,1.
780,20,22,-1.
780,22,20,-1.
780,25,18,1.
781,18,26,1.
781,20,24,-1.
781,24,20,-1.
781,26,18,1.
782,18,27,1.
782,23,24,-1.
782,24,23,-1.
782,27,18,1.
783,18,28,1.
783,24,24,-2.
783,28,18,1.
784,18,29,1.
784,24,25,-1.
784,25,24,-1.
784,29,18,1.
785,18,30,1.
785,25,25,-2.
785,30,18,1.
786,18,31,1.
786,25,28,-1.
786,28,25,-1.
786,31,18,1.
787,18,32,1.
787,26,28,-1.
787,28,26,-1.
787,32,18,1.
788,18,33,1.
788,29,29,-2.
788,33,18,1.
789,19,23,1.
789,20,21,-1.
789,21,20,-1.
789,23,19,1.
790,19,24,1.
790,20,22,-1.
790,22,20,-1.
790,24,19,1.
791,19,25,1.
791,20,24,-1.
791,24,20,-1.
791,25,19,1.
792,19,26,1.
792,20,25,-1.
792,25,20,-1.
792,26,19,1.
793,19,27,1.
793,23,25,-1.
793,25,23,-1.
793,27,19,1.
794,19,28,1.
794,24,25,-1.
794,25,24,-1.
794,28,19,1.
795,19,29,1.
795,25,25,-2.
795,29,19,1.
796,19,30,1.
796,25,26,-1.
796,26,25,-1.
796,30,19,1.
797,19,31,1.
797,26,28,-1.
797,28,26,-1.
797,31,19,1.
798,19,32,1.
798,26,29,-1.
798,29,26,-1.
798,32,19,1.
799,19,33,1.
799,29,30,-1.
799,30,29,-1.
799,33,19,1.
800,20,27,1.
800,23,26,-1.
800,26,23,-1.
800,27,20,1.
801,20,28,1.
801,25,25,-2.
801,28,20,1.
802,20,29,1.
802,25,26,-1.
802,26,25,-1.
802,29,20,1.
803,20,30,1.
803,26,26,-2.
803,30,20,1.
804,20,31,1.
804,26,29,-1.
804,29,26,-1.
804,31,20,1.
805,20,32,1.
805,26,30,-1.
805,30,26,-1.
805,32,20,1.
806,20,33,1.
806,30,30,-2.
806,33,20,1.
807,21,24,1.
807,22,23,-1.
807,23,22,-1.
807,24,21,1.
808,21,25,1.
808,23,24,-1.
808,24,23,-1.
808,25,21,1.
809,21,26,1.
809,23,25,-1.
809,25,23,-1.
809,26,21,1.
810,21,28,1.
810,22,27,-1.
810,27,22,-1.
810,28,21,1.
811,21,29,1.
811,24,27,-1.
811,27,24,-1.
811,29,21,1.
812,21,30,1.
812,25,27,-1.
812,27,25,-1.
812,30,21,1.
813,21,31,1.
813,27,28,-1.
813,28,27,-1.
813,31,21,1.
814,21,32,1.
814,27,29,-1.
814,29,27,-1.
814,32,21,1.
815,21,33,1.
815,27,31,-1.
815,31,27,-1.
815,33,21,1.
816,22,25,1.
816,24,24,-2.
816,25,22,1.
817,22,26,1.
817,24,25,-1.
817,25,24,-1.
817,26,22,1.
818,22,29,1.
818,24,28,-1.
818,28,24,-1.
818,29,22,1.
819,22,30,1.
819,25,28,-1.
819,28,25,-1.
819,30,22,1.
820,22,31,1.
820,28,28,-2.
820,31,22,1.
821,22,32,1.
821,28,29,-1.
821,29,28,-1.
821,32,22,1.
822,22,33,1.
822,28,31,-1.
822,31,28,-1.
822,33,22,1.
823,23,28,1.
823,24,27,-1.
823,27,24,-1.
823,28,23,1.
824,23,29,1.
824,25,27,-1.
824,27,25,-1.
824,29,23,1.
825,23,30,1.
825,26,27,-1.
825,27,26,-1.
825,30,23,1.
826,23,31,1.
826,27,29,-1.
826,29,27,-1.
826,31,23,1.
827,23,32,1.
827,27,30,-1.
827,30,27,-1.
827,32,23,1.
828,23,33,1.
828,27,32,-1.
828,32,27,-1.
828,33,23,1.
829,24,26,1.
829,25,25,-2.
829,26,24,1.
830,24,29,1.
830,25,28,-1.
830,28,25,-1.
830,29,24,1.
831,24,30,1.
831,26,28,-1.
831,28,26,-1.
831,30,24,1.
832,24,31,1.
832,28,29,-1.
832,29,28,-1.
832,31,24,1.
833,24,32,1.
833,29,29,-2.
833,32,24,1.
834,24,33,1.
834,29,31,-1.
834,31,29,-1.
834,33,24,1.
835,25,29,1.
835,26,28,-1.
835,28,26,-1.
835,29,25,1.
836,25,30,1.
836,26,29,-1.
836,29,26,-1.
836,30,25,1.
837,25,31,1.
837,29,29,-2.
837,31,25,1.
838,25,32,1.
838,29,30,-1.
838,30,29,-1.
838,32,25,1.
839,25,33,1.
839,30,31,-1.
839,31,30,-1.
839,33,25,1.
840,26,31,1.
840,29,30,-1.
840,30,29,-1.
840,31,26,1.
841,26,32,1.
841,30,30,-2.
841,32,26,1.
842,26,33,1.
842,30,32,-1.
842,32,30,-1.
842,33,26,1.
843,28,30,1.
843,29,29,-2.
843,30,28,1.
844,28,32,1.
844,29,31,-1.
844,31,29,-1.
844,32,28,1.
845,28,33,1.
845,31,31,-2.
845,33,28,1.
846,29,32,1.
846,30,31,-1.
846,31,30,-1.
846,32,29,1.
847,29,33,1.
847,31,32,-1.
847,32,31,-1.
847,33,29,1.
848,30,33,1.
848,32,32,-2.
848,33,30,1.
